85,97,12,50
8,59,21
55,16,28,85,30
86,62,25
29,58,23
86
4,54,61,73,1
59,62
83,20,4
62,41,9,31,95
5,53,17
45,48,53,36,86
58,22,87
84,46,17
98,30,56,78
5,74,0,30
33,86
41
21,3,52,52,9
16
60,74,57
26,25,40,80
42,54,11
62,51,10,26,73
4,25
10
32,88
39,88,32
79,15
34
28,73
7,1
38,35,17,88,82
76,92,57
81,35
55,20,21,51,90
8,15,53
52,82,9,71,34
8,35
63
22,30,41
97,38,48,56,98
61,39,51
62
76
50,44,15,79,85
2,14,88
40,8
57
32,4,93
22,72,63,83,43
92,59
90
96,46,2,63
48
48,72,75
74
21,60
77,53
97,93,48,82
44,73,42
46
37
92
31,72,17
42,1,90
30,40,62
23,2,67,30,53
45,43,85,17,39
38
41,58,75,63,60
42,13
5
74,24,17
49,88,89,92
45,9,9,47
8,54,55,15,98
32,56,81,91
8
54,22,94,9,55
95
43,24,71
87
94,67
93,88
85,50,73,36
30,57,53,57,12
67,99,88
70,80,94
13,20,1,57
37,80
70,96
79,82
91,82,55
15,43,40
65,4,66,56,11
85,83,50,7
91,32,16,71,18
61
37,79,12,87,59
56,68
59
98,98,9
95,56,15,79
37,11,25,44,54
75
100,92,17,87,6
70,95
39,85,18,78
51,35,68,41
82
14,31
17,52,49,77,29
4,35,58,10,26
36,96,41
97,35,28,21,58
60,42
81
0,92,0,34,64
2,94,12,12,3
47,14,24,27,86
47,98,64,33
82,38,58,87,33
37,26
84,59,22,12
99
90,39,28
80,27,25
63,20
16,39
55,13,18,19,70
90,77,33
36,3,33,89,29
77,58,90,40,69
89,48,9,76,6
34,65,54,36
93,48,85
56,35,3,72
4,26,99
98,92,77,48
54,78
21,41
35
98,57,70
22,32,49
92,63,17
26,56,28,85
99,23,7,36,72
69
86,47,30
80
26,18
6,12
70
95,86
53,18,67,20
62,84,15,16
65,95
57,83
15,56,6,79,48
52,1,8
41,86,16
77
20
30,14
87,30,68
74,36,81,61,99
28
28,9,53,2,90
48,67,34,39,85
33,52,11,3
62,40
5,80,98,45,11
79,22,88,37,39
3
93
20,14
35,57,95,78,94
69,16,63,29
38,61,48,59
8,6,42
7,30,17
18
44,46
11,68
20,0,53,90,51
55,53,94,52,18
76,42,48
96,35,62
4,99,0,88
49,27,30
37,21,96
65
45
7,63,92,18
3,98,82
61,90,89,21,7
13,62,40
40,7
71
30,10
14,31,78
100,7
23,48,40,97
7,86,30,10,21
65,49,74,15
47,15
25,40
79,40,91,51
34,25,44,12
2,94,8
44
30
41,8,82
97,52,8,25
97,28,35
30,5,19,69,77
86,79,33,53
64,57,56,94,52
42
76,57,17,96
54
54,72,3,56,85
91,79,31,80
52,78,97
52,93,48
81,64,42,90,58
12,52,89,79
31,1,34,76
49,67,13,32
51
60,92,12,44,8
26,41,55
45,15
13,66
83,9
53
24,46,16,43
52,38,4
11,46
33,83
83,36,27,78
19
84
94,42,70
85,53,44,27,79
14,47
58,55,28,16
17,8
80,82
51,32,90,45
53,62
33
36,30,36,5,80
20,86,91,59,100
13,54,8,53
31,69,10,85,71
92,2,76,9,51
91,89
36
55
98,81,83
8,48,57,25
58,18,45,74
56
67,35,75,66,11
0,98,10
42,69
17,67,9
52,83
81,56,36,18,53
68,78,98,89
36,42,12
7,26,66,46,84
96
44,60,88,85
90,9,7,16,28
87,81,76
54,8
70,22
35,69
76,86,66,62
84,21,54
88
85,67,68,84
11
49,22,28,72
58,93,8,58,74
62,2,81,78
99,36,77,14,25
46,64,75
85,6,13,93
29,67,96
82,12
68,67,83,68
17,3,38,88,18
15,12,44,90
9
96,28,49
29,77
84,12
64,81
76,21,57
40,19,78,84,92
4,11,78
38,57,8,11
39,68
24,42,66
94,20,75
16,57,9
69,5,22,75,14
89,18,59
83,58,87,8,8
52,53,88,17,3
59,11,19,74
85,17,16,63,72
9,85,82,59
79,66,20,10,1
49,62,19,5
58,10,74,71,69
35,42,58,13,12
3,1,84,86
47
50,71,97
94
35,62
57,54,86,96
56,83,39
80,67,10,26
1,10,33,39,64
81,66,15,52,8
36,1,52,63
53,37,89,14,80
83,40,73,9,38
15,16,71
96,92
23
73,14
19,48,24,76
21,23,36
13,27,73
66,82
38,99,24,38
70,100
5,17
17,11,61
79,15,42,79,91
2,24,19
32,60,100
1,14,94
82,86,77
35,46,46
79,40,93,40,50
24,3,15,82
69,21
6
98,14,89
11,45,95,34,83
84,93,23
39
27,70
91,40,97,58,40
92,46,46,7
13,63,23
49,13
65,5,33,79
27,32,53,79,25
21,25,24,43,93
72,59,82,84
63,59,15
7
21,16,33,71,3
73,24,58
59,36,58,8
41,67,34,26
34,98,20
98
77,36,61,94,55
46,77,78
12,4,34,66,77
81,12,46,42
72,94
3,33
14
92,33,41,17
65,82,5
94,72,98
36,77,50
100,17,60,42
4,82,13,60
32,30,72
60,82,57
56,79
97,14
64,54,70,56
78,48,32,42,89
2,2,17,6
28,42
56,76
53,53,39,20
78
19,61
97,97
63,37,30,99
78,52,56,26,87
31,31
84,51,65,99
78,45,76,34,55
52
42,6,91,16
74,25
31,45,15
59,46
40
52,67,86,40
84,69,37,15,39
64,45
71,99,33,7
10,6
57,25
14,100,11,75
60,71,78,98
63,41,5,87,20
36,63,77,18,96
74,94,7
43
26,62
73
55,21,29
50,35
70,6
94,97,52,8
79,98
44,20,48
7,81
24,91,41,2,37
55,67,75,13,84
8,38,6
55,97,44,93
86,25,40
16,54,82,82
71,36,63,51
13,66,63,25,57
91,62,96,73
2,49
25
59,12,80
59,62,42
85
50,18,43
9,6,45,73
51,12
18,47
94,37,9,5
12
44,87,90,0
66
33,51,67
28,74,46
18,22,86
92,33,28
49,65,38,86
27,18,46,29
68
76,40,22,92
4,63,85,48
20,99,58,0
73,36,1
17,62
49
4
47,81,59,37
32,73
30,49,58,19
93,24,72,29
66,26,45
16,16,74,34
98,36
15,5,100,71,60
94,27,71,87,91
10,95,77,72
93,9
57,2,97,43
16,28,7,10
35,45
48,99,37,48,97
79,21,15,7
15,31,95,62
1,16,10,5
30,0,43
65,30
100,1,1,45,42
47,61,57,19,96
17,85,94,63,84
58,73
96,21,93
14,44,12,12
15,70,97
50,54
80,68,26,4,92
72,98,36
98,41,60
17
7,50,10,69,98
44,99
15,17
0,1,41,25,5
32
12,35,6,22,64
83,11
19,48,64,25,59
100,11,36
47,46,16
86,33,98,26,45
87,40,42
8,60,24
91,62,17,60
36,97
32,51,28,28,10
16,7,33,15,33
57,60
61,39,25,7
65,46,8,64
11,81,90
39,46,30,50,45
86,19,3
39,95,54,23
15,48,49,21
58
99,12,65,43
43,72
43,64
98,44,74,39,26
29
15,6
90,49,85,49,90
52,38
47,82,63,95,92
28,22
1,55,47,13
26
58,53,14,92
57,45,1
14,71,83
20,48
65,45,23,81
48,5,27,33
75,28
100,11,92
76,67,82,32,70
72,12
4,44
97
74,8,7
41,67
54,69
15,79,78,62
95,1,80,38,71
91,0,89,36,94
4,26,35
86,19,96
48,56,37,46,1
72,7,17,22
2,37,15,57,96
96,58,39,35,39
47,36,93
82,83,6,36
26,4,54,4,12
21,40,55
47,27,90
57,45,26,12
32,89,92,6
21,5
90,48,1
8,12
97,35,56
58,94
42,23,95
31
24,63,84,88,47
96,54,86,94
98,97
77,19,47,75
25,23,20
14,58,4
23,85,7,15,23
93,12,16
60,82,44
71,65,34,96
69,30,55,24
9,15,55,59
25,45,84,25,93
53,3
43,76
18,39,65
85,68,1
35,49
70,85
95,77,34,9,59
20,66,95,90
79,39
22,32
77,70,75
38,48,28,60,13
77,86,37,40,23
93,26
55,79,8,65
9,40,94,17,79
14,31,25,47
87,92
43,12,5
0,19,41,13,26
97,14,67
48,4
94,26,55,88,34
34,36
78,71
27,79,24,42,67
58,10,45,98,78
90,14,34
98,93
48,49
86,50
82,39,48
61,28,85,51,33
41,47,71,77,46
40,11,67
66,19,28,74
87,81,73
6,90,47,69,94
23,80,88
23,6,85,2
15
66,2,93,3,76
87,7,34,0
86,31,91
85,18,19,82,29
17,27,98,57
84,15,2
100,57,1
19,89
58,46
26,90,42,47,91
35,99,57,41,77
40,76
46,64,17,56,12
40,13,47,42,87
94,32,100,28,68
16,45
46,18,4,88
86,26
95,58
27,0,13,45,72
54,18
23,50,46,7,61
52,87
16,68,58,20
82,5
23,67,83,39,80
63,31
25,99,9,53
17,41,62,7
79,60,19,83
63,9,100,94
19,30,7,87
18,14,81,12
34,50,15
10,14,12,84,8
22,90,21,96
91,68,61,87,47
89,7,24
60
75,60
24,96,10,50
32,10
1,4,81,58
4,32,90,87
98,11,18
73,46,85
70,78,87,77,95
87,5,100,86,45
12,44
95,49,43
1,36,37
44,8,51,68,42
85,63
42,19
4,38,13,62
53,31,91,100,94
32,14,18,15
60,79,63,33
69,60,59,15,34
21,58,5
75,98,96,12
25,63
2,1,56,41
45,73,2,44
6,53,47,93
63,22,13,58,39
71,38
83,62,5,64,12
23,49,89
28,59
4,0,64
45,77
81,25,57,83,60
6,92,95,45
82,27,85,96
57,47,32
68,100,22,19,32
91,24,93,75,27
5,95,19
90,72,37
32,17,25,95,47
69,21,91
62,70
35,97,90,63
98,80,69,76
22,59,38
3,41,23,74,46
3,3
40,51,2,33
91,5,92,36
49,100,2
87,70,72
40,70,72,19,99
91,97,28,93
61,81,98,35,4
36,50,43,100,40
12,60,58
24,56,69,31,82
49,68,25,22,19
10,4,47
94,45,35,98
20,89,72,59
100,71,41,80,37
55,58,50
52,13,41,67,17
6,10,61,91,66
19,12,53
82,66,1
38,74,17,29
22,96
28,20,67,73
80,30
51,39,30
52,53,69
81,94,34,18
26,99,85,41
53,2
67,80,19,85
94,29,86
80,46,14,96
93,39,28,29
98,44,75
6,8,9,34,30
96,97
73,32,95
96,76,73
46,9
94,3
77,71
16,97
9,83,92,54,80
29,91
3,98,54,29,83
21,89,95,40,17
42,5,63,84
99,9,15,39
96,3,53
48,68
17,3
84,34,46
88,60,14,63
29,17,86
91
18,61,31
65,39,71
73,49,47,35,12
42,86,74
31,76,67,84
85,60
10,96,29,68,31
13,38,13
100,98,68,62,80
19,77
54,18,90
77,21,61
21,7,37,100
92,19,76,46,23
94,78
83
78,14
16,69,68,56
88,24,52,27,27
9,52
88,51,75
100,37,82,54
21,72
12,54,45,77
86,66,19
48,95,60,40
80,59,55,18
97,54,8
20,54,35,65,59
93,51,71,59,4
72,38,1,33
16,33,20,89
73,25,39,61,82
16,51
47,34
62,36,45
89,42,90,45
14,16,1
85,29
60,34,45
2,59
73,33,31,21
94,43,22
99,69,8,80
21
62,60,38,10
75,100,80,45
81,8,61,67,97
72
72,15,31,91,19
6,42,0,52
29,57,59,28,95
22,55,25,7,18
44,22,27,36
99,64
24,87,2,29
84,90,88,56
85,15
78,8
27
16,12
78,45,17,41,92
80,82,5
28,96,40
30,84,86,76,97
8,34,84
39,63,42
34,8,22
72,63,80,84,91
6,61
94,70,54
81,49,57
69,20,34,1,47
43,97,27,99,77
72,21
57,31
14,43,66,6,93
54,23,42,77
59,84,30,18,63
77,59
10,40,87,9,15
50
14,73,90
79
63,50,29
25,59,73,71
100,93
37,5
15,38
81,79,84,40,92
58,98,6,95
14,92,19,79,17
27,0
21,76,18,31
100,95,13
43,35
68,61
36,10,40,38,8
31,2,21
31,99,2,11
57,82
58,83,15,94
87,23,92,20
59,36,95,78
12,6,37,7
39,6,20
4,29,12,98,43
83,35,68,12,34
62,24,29,51,51
61,77,77,1,4
16,1,12,61
9,34,63
22,81
7,67
8,13
16,82
28,92,26,50,28
44,18,15,83
59,82,95,56
86,17,100,54
66,98,59
100
60,10
89,73,14,50
1,92,78,77
47,48,99
29,45
92,59,41,14,61
45,52,2,86
49,60,36
25,50,47,30,66
62,2,17
76,10,0
32,96
93,91
98,62,8,96
90,47,29,57
99,49,6
15,44,22,10
64,35,37
4,54,53,46
34,55,59
44,47,30,50,91
36,36,11
2,91,31,1,1
67,9,8
55,29
58,33,92,52,5
15,68,15,34,22
58,4,11,24,74
33,29,65,41
24,36,71,18
0,33,65,22
55,57,95
70,53,98,97,76
80,50,61,79,40
78,59,80,14,19
79,45,100
33,69,45
67,83,91,97
60,56,82
41,26,27,21
1,64,85,86,52
42,55,11,76,49
99,59,83,61,99
33,88,21
0,36,7
75,63,58,35
92,88,100,48
53,17
42,44,56,29
30,70,18,48
0,20
57,40,56,14,42
18,65,56
29,16,77,85
58,28,60
55,86,3,19,85
86,23
10,76,41
53,52
18,3,84
29,29,52
43,63,39,25
75,46,88,94
19,31,81,19
5,15,36,11,69
4,3,12,21,11
7,53,74,0
18,51,10
38,28,99
87,19,86,89
14,53,9
56,88,65
81,71,94,98,2
55,47
44,83,48,64
66,64,72,10
2,87,37,35,41
75,16
82,80,74
84,43
22
11,58,37,51,14
83,76
55,88,22,42,49
87,33,94,40,66
66,32
79,82,77,1,100
81,71,62,41
27,35
59,45,17
82,64,23,69
40,20
75,39
51,78,74,11,38
58,54,97,83
9,93
44,5,92,75
37,49,31,96
47,95,22
24,77
13,82,64
66,31,10,63
46,8
81,67,83
4,91,59
68,35,67,31
88,50,86
43,24,83,36
67,60,84,74
64,15,72,82,34
43,26,21,40,38
97,27,31,64,20
94,20,94
78,33,64,79
67,89,0,13
97,28,37,43,22
53,64
57,17
13,28,82
21,50,71,66,91
96,43,17
11,71,46,98
85,91,0
24
25,79,77,4
28,80,89,49
23,88,31
9,17
18,92,85,60,88
83,5,76,54
4,77
42,11,14,69
34,21
97,85,7
56,80
67,55,97,34,11
41,63,90,18
89,42,63,23,98
6,1,91
67,81,77
76,70,63
23,54,44,72
93,65,42
87,98
33,72,57
36,59,51
14,58
62,55,15,99
62,20,5,26
58,57,38
13,86,56,90,42
70,85,1,40
77,88,84,11,74
39,38,23,33
22,7,35
75,22,43
96,2
45,65,47
1,68,70
83,49,14
83,10,97,33
98,53,76,46,91
62,85,33,19
83,47,77
87,39,37,52,48
32,61,53,15
57,26,18,47
44,4,46
24,35
58,84,28
63,42,21,17
56,36
63,35
8,67,5
77,39,6
67,100
7,85,3,41
19,29,73
33,55,11
56,50
95,10
39,58,50
51,97,9,80,50
78,38
55,19,21
33,37,43,20,46
51,34,60
32,73,50,85
11,78
30,77
27,80
40,32,67,16,7
65,85,94
92,80,56,90,58
81,36
47,97,46,95,19
11,70
23,54,17
28,36,74,19,77
36,53,46,98,73
74,2,6
8,82,35,60
17,50,26,91
36,13,10
9,27,11
48,83
72,66
97,28,87,61
49,31,33,55,86
87,13
70,92,26,37,65
30,69
97,25,54
22,12,11,15,52
97,1,34
87,26,1
74,3,85
38,9
12,34,91,86,60
8,14,73,43
63,25,98,33
72,22,96,71,26
15,82
44,67,45,13
65,3,29,17
34,93,99,69,5
14,57,49,26
12,83,58,82,49
44,23,10,33
19,2
69,51,10
91,50,69
58,84,17
64,3,40
61,73
62,100,65,7
0
99,46,12,63
90,38,32,35
61,51,25
72,21,86,64
86,36
14,82,71,41,73
71,43
62,6
56,45,26
92,46,17
93,24,54,3
48,60,31,28,58
9,22,100,68,84
59,92,12
24,22
51,70
35,78,75
28,17,1,56,84
63,43,59,28,66
85,89,15,32
17,8,38
32,70,40,87
29,3
32,6,1,79
57,45,22
16,70
48,6,79
71,45,20
28,17,36,36
51,40
89,1
70,73,93,76
100,45,91,74,94
15,25,41,35,10
69,65,92,62
51,2,66
26,49,2,76,38
44,37,73
55,87,56,18,57
27,96
55,59,56,69,66
44,21,60,32,10
27,63,21,61
28,8,49,74,4
35,86,11,61,70
50,74,63
18,34
83,37,44
8,20,99
26,29,63,4,23
73,80
28,52,76,72,92
46,10
38,43,65,87,74
22,4,92
23,52,46,36
23,45,33,94,14
51,18,40,73,16
86,17,66,93,0
22,66
9,65
43,36,90,45
53,19,9
9,14,51
18,77
97,92,50
79,53
9,6
99,19
65,97,15,55,18
16,46
84,37,4,38
90,9,71,79
71,98,48,15
13,49
13,5,55,72,29
49,17,32,7
71,25
80,83,46
67,7
55,21,93,0,73
0,8,24,39
61,46,20,76,27
19,19
2,33,27
76,100
47,43,11,100
43,78,83,42,72
60,54,74,14,17
59,80,27
7,7,39
26,59,48,85
99,86,95,8
44,25,24
2,40,2,45,85
51,7,48
97,90,75
28,46,72,41
10,69,5,95
37,90,43
5,96,43
90,50,98
55,36,29
86,67,92
67
47,94,8,62,95
29,75
74,91,67,89,71
92,62
87,50,36,82
74,8,68
4,66,7,6,21
91,15,5,48
92,68,51,73
65,12,20,93
77,4
84,19,60,37
80,91
98,75,22,34,95
59,78,54
43,60
91,48,60,29
82,36
0,45,25,85,40
86,78,72,53
24,66,74
69,64
34,2
66,93,15
2
76,62,51,81
82,98,35
20,39,61
0,17,32
41,66,91,77,10
59,66,95,45,33
36,63,47
5,51,22
98,58,92
49,41,82,82
76,99
81,30,83,93
47,7,59,41,77
1,52,98,14
9,37,55,41
36,23
28,65,60,16,30
39,66,18,9
73,0,60,37
46,69
16,35,81
14,38,81,85
58,50
80,49,25
64
25,62,34,35
27,69,65,34,45
47,84
65,1,63
42,13,69,2
100,71,17,60
14,80
29,94,80,89
78,61
99,22
28,97,43
45,8,76,51,46
89,40,7,87
2,60,31,6,30
23,30,50,54
71,55,97
5,56
90,85,54
44,15,12,60,66
51,79,59,26
54,13
59,58,75
88,94,36
98,57,19
23,0,27,5,71
93,42,0
35,25,68,68
100,43,5
95,55,0,47,14
95,31,42,24
7,53,34,96,1
92,10,1
61,96,55
76,46,2
19,37,60,30,22
45,86,20,65
66,10,79
57,99,28,75
79,24
59,32,39,8
98,77,1,10,83
20,29,76
12,30,29
23,30
75,52
68,51,70,8
38,94,72,43,88
37,21,13
42,29
46,32,50,96
54,62,69,94
27,19,25
16,52,84,2,41
54,8,94,45,0
30,44,27,8,13
1
17,42,44,61
44,20,97,38,0
83,91,64,20
28,14,35,85,90
85,76
49,72,48,85
85,93,86,3
78,14,58,32
47,27,8,22
79,3
2,71
58,3,19,8
23,0,1
11,24,76
17,41,22,50
27,74,79,70,5
49,98,81
71,76,37,43
10,85,18,83,56
69,17,5
83,2,2,76,99
95,72,65,51
85,81,44,22
42,85
48,16,8,33
12,24,22
47,78,20,52,95
99,35,9
92,3,32,58
88,62,47,69,9
18,17,96,83
63,73,8
68,6
22,94
32,61,93,1
16,50,29,33,39
20,61,2,94,55
71,71,36,83,72
83,12,75,95,26
81,26
3,89,32,46,80
59,70,7
2,88,10,71
86,27
94,83,31,80,5
98,13
66,56
60,96
37,6,74
46,62
59,80,99,62,73
60,45,33,36
36,91,66,14,99
87,39,27,1,32
77,88,54,81,44
97,43,80,56,11
66,66
59,38,78
100,51,17
61,6,21,90,6
51,46,86,92,92
79,8
100,39,79,27,23
45,76,99,74
88,74,20
86,64,66,75,0
33,53,26
50,3,75,55
48,68,71
28,87,54
32,85,60,87
94,97
71,98,12
98,5
21,56,61,5,51
43,9,25,66
38,60,77,37,18
39,64
44,72
37,88,6,25,10
91,11
75,50,21
12,82,23
86,17
78,35
11,75,2,23,29
98,95,48,62,56
45,67,47,94
55,15,63
15,57,30,81
90,62,38
26,51,66,38,81
78,79
23,45,32,81,62
84,12,8,68
72,91,58,23,61
52,17
33,50,28,98
2,80,4,95
88,54,23,98
32,98,47,17,56
85,2,11
21,73
54,64,7,97
38,99
7,86,100,65
15,94,87
84,30
75,11,46
49,90,17,47,29
12,84
92,79,68,36
46,57,14,31
97,90
77,30,39,99,85
13
35,25
40,37,70,3
61,31
94,41,13,0,38
68,98,98,1,8
5,73,43,5
39,91,49,99,7
82,94,32
39,34
6,76,1,89,29
80,3,74,0
40,71,73
15,34,54,89,81
83,14
47,3,66,30,85
56,81,97
79,14
39,66,58
15,39,74,1
99,85
12,80,8,87,93
44,62,30,7,40
46,50,94,54,51
71,80,24
30,20,2,62
72,48,78
38,68
29,8,2,81
67,22,50,99,97
44,52,73,21,24
77,7,7,0,54
39,67,68,54,25
69,80
60,3,17,44
95,40,83,1,35
87,48
51,27,95,99
9,95,81,54,13
72,23
96,10,76
74,46,84
4,70,65,31
89,4,53,35,13
80,54
5,35,52
34,30,73,23,97
3,19
86,63,34,45
70,31,66,25,0
4,56,27
89,30,87,37,0
44,12,70,46
43,16
69,43
78,37,97,13,78
42,57,43,27
34,50,67,64,71
59,7,90,86,86
80,45,97
51,56,11,75,47
69,66,70,40
22,6,23,46
90,63,8,92
92,46
16,92
93,55,16
3,72,100,36,29
96,13
66,93,62,89,67
77,51,14,18,52
64,77
79,63,54,56
31,77,79,31,99
63,41,75
24,31,97
98,99,50
80,76,54,81,9
75,90,68,27
15,97,42,53,25
48,50,82
43,67,51,66
37,38,54,23
27,55,66,60,13
78,63,76
37,100,7
15,82,76,38,69
5,45,47,82
51,66
34,32,55
5,52,49,85,99
67,8,49,55,9
41,38,9,73,78
45,19,2,37,22
69,52
7,44,86,29,8
6,59,91,39,44
25,2
71,55,90,92
97,4,67,46
5,93,86
67,13,22
49,57
41,23,85,14,63
21,18,56
49,32
42,23,29,77
22,27,77,20
55,16,8,22
14,12
87,23,94
84,5,26,65,34
52,12,87,34
80,12
87,87,45,34,26
68,40,23,45,15
87,89
67,44
36,15,83,62
17,43,87
38,97,8,44
93,82
58,7,76
51,55,29,1
84,38
43,2,31,95
30,49,89,7
59,97
78,35,75,27
5,10,48
53,54
25,16,17,88
41,65
6,10,3
91,44,77,53,81
48,47,87,69,33
33,53,54,37
65,46,3,20
97,83
71,91,97,2,42
86,31,6,78
15,86,42,31
76,15,6,71
12,85,92,11
98,31,13,94
15,52,9
39,54
54,90,80,74
9,84,34
49,23,71
44,6
26,87,84
46,91,80
93,44,31,71,30
4,57,41,85,63
70,38,80,56
0,1,11,71,24
36,77,51
84,67,75
85,34
77,23,48,0,27
47,73,75,7,94
96,55
3,60
62,26,84,22
88,63,20,87
30,32
48,78,74
63,41,76,78
15,9,39,73,65
58,63,91,83
50,78,13,43
87,44
26,46,98,69,31
25,17
7,16,19
9,99
45,39,4
86,31
68,5,87,70,17
65,80
11,56
29,32
22,80,96,55,97
50,44,12,87,57
99,34,57
50,54,73
34,66
93,87,66
66,1
31,60,46
91,74,80,45,62
62,26,23
70,60,40,66,46
75,70,51,46,30
34,88,41,57,16
19,21
26,93,65,94,74
8,46,24,59
70,29,37,9,37
30,22,62
6,71,76,33,45
90,78,65,55,81
39,58,2,43
78,71,6,59,14
88,79
10,78,84,69
39,79,9,21
57,31,1,7
24,67
78,12,31,99
99,91,21
76,88,29,23
58,27
75,56,44,44,71
91,20,38
87,67,84,99,53
93,85,76
68,90
93,63
97,92
100,49
81,62,77,85
70,58,99
25,16,41,85,21
79,99
9,50,85,70
18,59
69,53,100,55
17,52,57,52,65
26,35
55,58,73
89,56,74
19,35,71,10
64,35,88
14,85
52,73,67,52,5
75,52,85,16
70,81,0,14
44,39,10,33
52,89,91,26
83,62,40,39,20
28,9
70,36,79
27,8,28
30,66,94,0
78,81,95,22
81,57
89,17,15
24,37,52,95
44,34,25,55
19,92,14
21,78,94,57
33,16,38
81,47,6,7,19
19,31,71,68,59
43,56,69
59,67,74,14
3,6,47,98,10
64,56,7,31
11,42
29,50
92,27,7,52
44,25,5,79
19,61,64,74,57
46,77
23,42,40
87,15,43,65
99,79
58,87,31,54,51
77,33,22,98
100,16,45
97,69
61,45,92
6,3,79,61,94
82,34,29,66
18,89
18,51,39,17
28,44
30,44
15,94,30,94,7
89,57,33,28,6
95,70,97
63,56
34,16,75,75,17
23,64,73,46
77,79
89,86
11,88,53
43,72,11,14,4
31,54,48,83
91,76,34
65,49,65,15,23
31,49,52
11,68,75,4
71,55,23
65,23,53
80,89,60
43,38,6
51,28,75
22,56,51
73,63
7,31,38,20,43
95,50,66,18
43,86,34,83
0,51,94
90,46,69,50
84,62,65
85,41,73,55
19,35
22,59,28,22
55,72,72,58
20,17,73
86,46,26
26,46
14,71,25,46,25
43,21
54,49,80
4,74
67,99
61,63,40,40
56,10,37
17,48,49,21,74
37,20,37
35,2,15
16,95,7,82
29,10,8,80
95,100,61,16
15,62,93,35,22
68,77,62,21,39
32,88,80,4
38,67,64,56
51,45
73,65,39
70,71,45
12,36,6,43,77
84,66
36,15,96,73
37,4,87,22,28
18,12,28,14,35
22,31,30,59
69,59,65,71,2
23,20,95,38,43
29,30,89,23,9
62,59,57,81
3,27,73,84,0
68,94,3,22,61
7,61
76,25,92,97
68,41
1,76,17,48,73
57,35,4
2,70,61
39,24,47,66
51,20
34,18,96,67
36,94,54,29,84
66,61
41,53,18
5,32,64,27,32
23,64,12,53
39,78,45
40,48,56,48,70
40,89,35,55,0
0,15,75
35,79
1,92
56,2,97
67,1,57
96,29,63,9,67
95,40
91,86,91
100,14,84
56,94
68,25,2,33
63,27
76,24,86,85
44,9,86,3,48
50,66,12
79,30
10,34
18,70,69
26,38,95
31,62,77,98
89,25
3,82,16
97,72,86,11,35
59,68
24,7,68,32,69
73,24
100,75
25,94
58,32
46,47,63,27
2,21,30,51,84
98,76
26,80,64,36
82,61,36,42
80,86,27,23
40,56,1,75,14
74,9,40,38,74
47,89
88,59,25,49
71,55
92,6,83,87,15
1,58,63,44
18,16,78,8
34,19,93
49,61,87,60
4,48,46
86,44
31,50,59,6,89
31,78
27,5,43,25,22
83,61,38,96
72,69
16,80
96,70
12,56,95,55
17,96
18,4,97
89,90
39,77
14,6,42
55,54,51,6,98
51,2,68
33,2,34,43,100
26,46,49,55
36,35,57
78,95,71
72,32
4,52
75,1,70,7,46
89
59,56,54,76,50
47,70,96
33,75,84,41,15
88,82
35,35,57,52,70
96,1,71,20
23,93,7,24
45,68,39,37
70,98,42,21
96,26,4
12,38,39,47
20,45,97,63
24,60,32,30
26,61
6,77,20,56,13
14,38,11
33,99,60,58
93,34,88
66,67,54,5
15,58,62
69,41,69
86,40,52,55
41,44,1
41,56
23,82,45
14,86
54,98,49
45,5
100,78,28,40,100
88,8,29,6
47,38,13,0,0
94,83,91,29,92
25,0,74,51
54,1,5,42
75,80,71,78
74,26,52,90
67,71
23,9,68,71,42
88,90,69
43,45,32
72,49,82,67,73
89,91,45,17,18
10,93
87,58,55,75,32
32,21,19,60
11,33
28,77,16
45,73
81,58,58,82
65,39,69,49,100
40,99,14
16,73,45
13,23,56,31
34,77
96,19
92,77
21,15,21,82,66
30,31,62,6,94
73,25,100,4,26
8,86,83,9
77,83,7,96,98
38,35,13
99,39,20,70
52,8,72
72,72,26
29,1
25,55,51,67
37,88,38,50,97
15,52,15,28
91,75,56
89,41
31,10,11,48,13
11,9,100,49
0,3,73,71
15,92,63,15,86
89,56,84,93
25,97
3,17,10,1
84,13,81,4
78,56,1
11,91,34,85,75
9,5
95,33,60,58
64,43,99
66,91,75,92,92
13,20,71,93,67
31,22,65,72,19
52,8,49
62,87,60
2,67,15,64,98
39,5,82,26
96,71
44,76,79,50
80,94,67,88
78,38,19,27,83
42,91,6,80,37
64,95,17
37,73
34,73
80,40,97,33,63
21,65,49,87
48,45,32,40
80,83,36,54
56,29,94
33,47
22,47,27,5
60,38,81,2
58,78
73,40,42,15
20,52
74,23
17,9,38,23,72
37,38
16,98
26,87
17,52,19,44
56,66,80
25,84,25,91
64,51,91
61,53,45,14
83,91
19,1,9,56
31,60,95
19,72,18
14,52
65,9,1,55
14,27
43,85
22,25
36,44
63,22,72,59,21
73,87,32,72,34
38,24
47,51,0,34
13,42
42,26
21,87,9,9
46,6,97,37
47,76
34,78,94
72,61,96,87
75,92,41
79,58
21,9,80,55
5,30,53
40,22,9
58,88,76,11,52
44,84,22,40,38
33,66,26,35,25
41,62
83,20,66,96,32
75,23,50
28,4,12,31,84
19,46,69
12,69,56
24,44,38,53
41,7
59,98,29,39
4,45
55,3
78,34,68,16
2,31,92,35
97,33,22,58,62
87,63,1,51,78
26,21,85,14,20
33,4,15,36
12,96,89
25,32,23
90,5,61
73,5
44,21
36,67,100
29,33
32,17,88,60,23
69,87,94,90,0
64,80,43,4
18,29
84,35,67
50,66,98,22
21,55,87,20
5,32,13,73
57,23,31,61,55
47,78,71,67,77
70,50
79,25,71,52
27,27,18,50
42,65,72,52,78
60,84,54,2,54
34,14,19
8,68
61,59
8,5,76,69
29,8
8,96
98,46,82
20,82,69
5,43,77,18
47,22
57,94,45
78,26,3,6,8
49,27,73,50
98,87,47
28,33,98
0,42,40,26,71
60,96,3,30
16,24
83,30
26,96,78,7,37
47,68,33
95,84
4,17,41,98,28
41,77
86,79,35
36,93
75,90,17
82,4
81,76,80,92,10
79,88,4,14
8,3,64,99,71
38,58,72,93,60
12,33,86,35,9
35,48,54,50
71,76,8
82,43,44,60,7
90,13
49,42,68,90
45,19,52
90,42,39,47
73,2,2,81,0
25,65
35,80,32,17
4,99
93,10,90,64
8,57,32,61,80
24,34,47,22,86
7,60,77
22,17,84,97
20,6,52,65
52,32
81,78
33,26,6,98
97,8,29,88
60,69,80,19,25
30,60,22,2,13
13,2,22,84
76,32,27
100,52,45,11,45
86,100
23,74
28,85
56,42,50,37,16
17,27,3,7,78
85,42,27
66,59,51,61
16,6
22,82,44,63,14
27,49,80
49,34,100,6,69
93,24,26,55,31
40,36
67,83,43,61,51
98,10,97,22,46
89,71,88
60,53,15,37
48,41,4,64
55,51,32
19,96,96,76
44,58,10,30,76
64,36,55
9,50,83,25
74,29,16,68
72,41,49,23,83
81,94
14,74,1,16,2
60,74,85,54
29,10
75,40,74,26
33,21,78,43,51
95,60,23,15,51
34,52,25,59
78,55,98
41,91
63,89,84
75,65,42,97
67,8,61
98,94,63
2,24
15,74
33,35
51,69,9,93
59,89
47,29,79
82,80
28,85,24,72,100
24,3,5
49,63,47,57,34
40,100,23
83,29,11
49,41
12,95,95,38,67
13,34,35
26,2,19,17
26,49,85,52,69
28,7
66,60
33,21,79,100,81
19,5,45,10
92,10,97
5,40
68,26,84,79,45
31,67,97
4,60,32,61
79,25,43,63
98,34,1,39,46
13,21,45,70,2
80,89,81
82,92,91,18,56
42,92
17,84,15,27,84
76,16,62
1,63,5
30,76,66,61,57
11,87,75
15,38,39,78
1,97
51,75,79,95
41,22,92,67
78,28,24,12,9
79,72,30,76,39
26,6,97
20,56,42,76
9,46,91,58
30,40,91,0
50,30,16,28,4
43,20
68,62,28,87
11,31,18,47,93
86,12,44,54
3,64,90
36,96,19,95
65,85,100,35,54
87,98,1,3
21,2,7
86,79
62,5,42,97
65,60,17,2,86
49,19,100,2,59
52,72,20,15
20,88
100,68,47,83
18,92,33,64,18
60,52,57,13
67,72,3
60,93,86,46
50,69,90
56,50,89
12,23
7,41,0,75
55,43,11
10,25,51,91,4
43,39
89,79,2,75
47,18,6,0,51
45,40,12,55
22,86
21,18,62,28
32,37,71,79
96,7,23,14,29
73,1,83
22,29,28,98,15
34,64,57,19,81
29,75,82,80,7
39,84,30,35
65,32,31
5,0,93,100,1
48,66,59
3,24
13,59,93
16,23,48
51,86,100
82,89,96
88,11,72
53,33,34
43,28,54,75,48
46,86,65
33,67,24,74,22
40,79,35,2
94,12
46,76,79,54,76
92,81,51,47
30,36,76,46,71
55,84,53,2,63
94,50,62,14,49
66,34,92
42,21
27,57
55,83,34
73,56,6,41,62
49,27
64,31,19,15
23,50,19,97
0,73,93
37,89
24,72,14,68
6,26,80,5
17,35
80,50
77,68
57,46,48,45
17,67,40,36,96
64,54
27,99,67,93
90,35,6,20
36,19,8,45
22,82
67,58,76,78,72
7,90
1,65,8
87,17,68
72,91,44,27
35,89,94,50,100
99,23,14,9,46
67,13,80
50,34,45
78,38,32
22,36,91
41,66,89,96,29
22,38,64,16,45
91,82,92,30,53
69,54,83,52
63,19,56,10
90,5,25,9
73,19
43,100,47,28,63
7,66
12,31,51,94
67,10,57
36,61,8
94,6,90
1,28,81
95,61,49,69,3
2,40,4,15
54,67
2,58,8
55,77,80,97,35
44,96,80,32
31,53,17,0,39
54,10,73,75
3,33,30,3
89,35,44,17,11
18,15
33,6,92,42,72
57,96,49
20,69,97,41
76,95,9,47
25,73,67,40
16,26,54,36,23
77,31,26,7,94
86,24,4,47,1
22,53,24
56,34
41,72,71
33,66,95,61
28,86,30,51
37,9,71,27
84,57
15,80,77
23,8,17,66,84
35,5,100,47
44,63,18,53,81
17,51,10,1
98,100,67,48
53,60
71,78,86,32
63,95,61
83,87,32,5
97,74,10,75,59
18,27,71
92,94,94
75,76,33,84
15,81,96,55
80,69,50,11,20
1,60
22,72,15,14,48
99,83,88,43,26
29,46,15,31
86,0,30
82,81,62,48
87,38,42,38,86
97,55
75,69,51
29,34,13,97,17
36,64,10
1,1,80,63
41,8,13,1
58,42
40,39,64
50,12,78,14,92
5,72
67,94,96,24
15,76,7,55
41,58,51
1,32,86,27,93
48,97,22,79,13
42,76
2,14
57,26,53,38
76,62,69
9,45
79,54
57,89
44,91,80
18,51,97
37,59,39
90,45,80,43
29,60,4,86
55,39
53,67
84,17,68
38,73,31
32,71,54,91
80,61,91
10,82
11,81,34
53,74,50,55,87
34,49,27,56
62,73,6,96
42,96,100,44,12
51,64
58,79,57,12
25,54,32,95
50,87,14,25,80
79,62
8,12,12,42,81
51,21,53,0,42
81,99
19,65,70,63
46,82,98,73
70,45,80,83
70,48
79,89,47
66,93,30
11,7,84
19,56,39
65,56,73
0,53,93
46,12,24
68,17,69,91,25
61,31,18,34,14
60,10,92,52,54
49,46,32,2
5,71,27,21,100
32,67
50,46,19,86
19,42
58,51,6,98,65
71,56,48,32
66,13,87,27,53
44,29,94
66,44
91,91,60,41,72
27,62
47,83,84,82,100
84,79,37,50
97,52,52,25,46
15,9,68
79,18,28
92,67,73
72,84
7,80,97,58
32,37,81
33,17,18,55,19
8,90,66,77,94
58,82
47,29,69,41
100,95,49,31
25,57,55,90
45,37
80,53
76,86,97,90
57,61,8,38,14
75,70
29,29,37
81,22,4,72
6,49,57,8
25,68,21,54
95,2,89,91
99,11
87,67,66,94
44,22,28,14
11,94
83,78,7,67,46
35,75,71
61,38,95
20,72,10,43,78
55,31,88
46,6,78,34,9
14,95,70
13,93
87,3,38,66
9,100
75,20
31,83,98,60,65
95,61,16
88,62,64
2,12
4,92,15
20,72,30
47,7,5
55,70,81
66,35
24,31,74,39
66,65,66
1,13,83
60,42,39,49
53,34,35,60
94,2,97
23,89,12
92,22,95,6,61
27,96,40
90,50
35,66,50,39,96
94,62,49
34,8,13,94,56
13,9,54,57,26
69,50,61,82
39,93,84,10
55,56
36,75,89
39,76
23,73,73
24,85,57
37,98,15,71,33
89,10,64,44
31,69,18,77,35
23,7,7,84
38,4,27
77,66,41
27,87
94,67,65
24,31
62,29,34,55
82,44,64,48,43
12,74,21,29,84
81,51,67,7,20
70,91,52
31,16,63,99
82,89
20,31,6
71,38,5,60,3
36,33
91,66,57,57
74,8,67,26
72,40,69
10,98,18,83,66
49,27,2,100
97,36
74,48,58,40,74
38,75,85
32,89,15,100,36
20,63,51,1,62
14,36,63,24,90
17,85,58,15,65
60,18
100,71,41,52,27
46,85,33,8
47,91
61,50,90
81,64
98,98,29
2,71,66,65,54
19,47
87,31
76,94,93,45
13,18,99,14,39
76,10
75,46
86,28,83,42,21
34,80,92,35
0,44,23,31,40
50,70,19
42,40
99,89,36,43,62
84,20,39
20,63,42
49,78,38
53,62,100
8,25,93
79,9,29,55
36,57,77,74
48,83,51,73
50,51,10,12,93
2,68,48,70
43,34
33,66,47
97,79,10,34,57
69,69
60,38,50
51,44,9,26
52,57,54,68,9
31,4,13
41,6
72,94,23
43,100
74,7,15,78
30,0
2,62,6,70
39,10,20
21,64,25,4,86
40,49,99,21,95
7,16,96
16,78,72,74,65
77,75,65,48
70,64,27,70,33
20,79
5,23,65,91
58,98,9,74,82
26,84,27,57,93
89,3,39,4,68
73,27,97
45,83,78
47,60,61
20,7,30
24,62,56,60,68
54,40,95,25
17,32,59,15,80
8,84,63
19,76,18,13
28,56,80,42,14
97,13
46,48,44,28
75,41,35
0,64,33
41,43,82
85,26,86
37,31,15,18,61
71,15,97,31
8,71,99
92,19,22
37,40
67,54
94,59
56,63,18
74,41,51
14,82,87,96
16,21,6,31,41
39,78,52
47,94,9,59,6
72,35,32
83,5,75,25
91,49,52
55,52,81,90
40,44,42,20
53,29,1,25
80,48
1,73,86,20,28
72,64,86
88,75
14,66,71,54,34
4,68,59,94,9
85,8,80,62,93
16,74,37,70,58
53,75,33,41,70
36,49,84,10,95
43,22,94
17,82,11
33,84,99
9,71,75
31,20,37,71,65
95,60,95,56
26,26
60,14,63,71,90
15,64,25,32
80,63,51,9
55,24,71
53,92,96
51,11,53
52,61,4,64,45
42,80,15
32,39,3,25
40,20,48,89
45,63
5,58,100,77
99,86,99,56,61
53,26,10,72
98,22,3
43,73,96,35
35,5,52
84,34
100,97,92,36,13
62,68
62,50,35
38,69,82,63,67
14,95,99
70,75,52,58,25
3,43
8,69,76,59,15
59,65,64,15
33,78,93
38,91,89
68,53,80,92
81,89,73,6,40
94,9,64,14,20
33,5
44,0
76,55,64,58
56,73
8,90,76,22
53,86,66,22,13
55,81,73,63,37
89,6,83
40,65,4,22
64,83,74
79,46,39,56
26,52,98,41
17,37,75,33
8,4,64,34,89
82,75,55,8,70
33,5,3,32
84,55,97,13,83
15,9
30,3,93
11,3,16,22
7,44
85,8,57
72,52
3,69,13,11
19,36
64,29,7,41,19
81,23,2
85,7,84
45,95,99
97,28
36,3,83
81,40
24,98,16
71,35
24,37,59,89,66
35,92,21,93
10,83,10,31
85,97
81,70,37,32,5
10,85,71,84
93,44,56
99,71
99,84,88
94,83,87
70,34,86,75
30,98,52,56
69,67,29
83,36,46,56,23
0,63,97
35,61
35,100,60,9,90
96,26,64
100,39,75,81,15
12,49,32
56,25
58,30,99
98,39,46
4,83
36,90,55,80
1,34,52,8,71
77,13,25,44,17
68,93,0,40,42
34,18,81
97,23
8,52,61,82,48
28,60,52,90
83,6,85,15
86,15,54,95
94,14
14,63,24,21
99,50,87,82,70
11,32,29
46,3
57,48
14,34
25,87
55,73
13,48
0,96,31,25,15
57,86,82,48
52,60,94
39,36,40,3,85
46,76
35,20
61,42
38,32,50
47,92,78
55,74,81,31,88
37,29,33,42
69,31,13
50,24,25,67,57
34,40,15,7,76
46,15,97
69,55,77,54,16
4,33,22,70,18
61,84,58
65,68,5
64,91,13
80,86,86,18
16,33,48,75
8,59
68,23
44,22,9,49
5,28
39,62,27,53
67,97,81
61,41
17,99,66,12
67,21,51
44,1,24,52,74
78,99,77,56
60,31
19,31,65,12,91
82,0,3,24
1,53,30,78,45
15,6,50
87,45,76
100,51,95,59
22,50,72,74,94
22,30
39,98
31,59,53
40,43,71
45,95,51,18
77,62
67,86,51
17,53
12,44,98,36
58,41,61
40,82,56,62
77,90
51,50,83,43
12,31
51,98,48,47
61,1,83,70
13,100,4,13,4
38,25,74,3
68,74
33,84,68,6
76,67,93,10,31
86,39,37,90
4,35,8
63,49,3,54,92
37,29,69,65,45
39,22,65
34,40,88,34,58
33,94
83,65,95,13,69
39,58,27
4,84,27
41,76,32,47
85,82,10,55,23
64,19,58
91,62,61,59
53,82,28
91,55,66,32
31,62,11
93,81,86,86,55
29,82,18,10
24,90
85,35,11
60,64,21
98,94
63,56,55,20
9,19,92,36,62
4,33,36,13,44
51,91,19,37,16
35,86
98,43,5
92,47,85,99
72,96,5,57
5,68,48
23,70,97
79,75,83,20,23
13,2,42,48
86,77,71
73,98,78,72
17,34,84,99,52
19,1
24,64,55,39,29
27,27
21,88
55,19,20,60,16
71,77,19,95
17,67,20,87
50,12
71,48
21,60,53,11
97,57
8,29,60,5
9,9,41
29,70,3,19,84
9,56,84
6,57,22,18
80,3,74
66,80,72
48,87,43,33,55
95,81
28,86,49
49,51,41,8
52,7,49
73,44,8,77
29,80,51,37,43
32,37
21,23,22
92,75
91,39
48,75,31
34,73,67,88,60
59,81,93,29
41,2
8,47
30,88,48,77,84
38,25,11,73,86
78,74,69
65,75,36
81,68,74,82,15
89,43
97,30,22
86,76,2,64,22
25,54,22
90,17,14,40
74,26,66,13,91
16,25
78,24,64,30
55,7,98
83,81
16,4,95,57,54
76,59
70,34,40
84,21,63
46,10,13
46,48,33
86,6,60,7,86
57,91,98,34
47,48,53
43,3,58
51,93,71
6,74,99
54,25,72,17,61
99,38
36,83
55,2,11,85,24
28,21,39,82
82,12,61,66,33
24,16,24,88
40,1
80,55,88,33
41,10,65
75,26
92,94,98
57,71
21,43,17
43,88,5,15
79,3,36,41
16,64
76,61,32,19
100,33,28,74
17,25,50,37,5
79,61
11,41,60
66,72,85,69,100
48,65,69,22
95,61,7,48
25,44
15,69,6
2,74,36
19,42,31,68
46,73
6,0
99,24,96,10
61,60,96,84,93
9,44,69,27,92
82,50
88,27
43,95,84
29,0,41
91,50
31,60,62,70,36
3,93,89,43,81
92,92,6
61,20,43,70
95,48
91,58,11,1,37
75,61,95,0,87
53,16,86,4,19
81,72
37,16,14,14,93
40,73,14,83
36,3,70
74,64,15,50,67
17,21,17
10,57,13
48,93
20,16,22,100
7,42
47,58,4
91,1
76,28,15
45,69
67,88
68,73,91
52,82,60,85
79,19
46,22,78,24
100,54,100,99,14
92,49
93,48,50
5,17,60,78,45
14,56
30,33,0,19
31,50,44,33
27,61,60
9,85
51,74,92
91,45
66,53,60,1
87,33,4
65,54,69
40,26,85,37,35
21,27,98,18
94,38,12
63,7,88
56,99,57
48,56,37
52,76
92,59,22,99,98
85,45,17
56,26,77,21
90,38,85,72
49,87,48,98
83,45,9,45
58,35,36,69,41
88,11,41
59,7,38,10,15
81,91
36,26,28
60,11
85,68,94,53
84,76
78,43,48
2,27
38,31,12,18,13
56,3,94
69,89,40,74
37,56,40
33,21,100
38,96,7,98,30
87,21
30,86
13,52,87
15,28,51
95,77
13,96
30,50
59,66,3,27,0
41,8,59,91,35
95,47,29,67
46,24
25,85,65,10
86,31,58,82,82
82,41
72,90,67
70,14
94,98,1,66
77,8,27,28
91,69,5,46
60,59,83,30
75,21,65,61
13,12,12,82,4
50,92
61,11
72,99,21,24
8,49,6
51,19
11,89,14
59,98
2,45
8,73
7,40,59,57,19
91,55,32
84,19,7,26,78
3,68,63
38,53,9
68,65
10,3,27,89
49,79,92,84
85,31,25,10
53,51,80
13,53
26,4,29,86,51
49,42,25,21
31,54
48,34,21,83,11
93,32,70,80
69,6
1,10
73,2,26,83
5,36,78
38,22
16,49
25,15
65,39,89
46,63,48,33,74
28,71,48,80,40
54,43,60,66
97,78,10
57,17,17
21,77,45,11
70,17,92
100,76,88,20
82,88,79,35,52
33,44,93,63
17,79,12
63,36,2,72
43,16,99,29,16
92,8,31
13,99,40
72,70,59,11
7,8,32,82
78,22
62,50,93
62,72,23,65,6
55,41,9,69,2
49,13,40,19
81,28,32,73
58,57,71
91,26
78,67,91,81,87
88,83,90,67
1,43,4
71,2
75,50
56,78,40,64
55,96,22,11
15,87,100,26
81,81,38
99,55,19
30,62,40,81
35,89
54,85,96,40
12,37,34,1
89,63
96,4,79,39,73
64,18,53,83
28,52
49,56,57,48,35
94,76,58,37,1
2,67,20
43,17,70,71
41,83,32
40,11,39,66
22,33,30,37,73
92,19,6,0
80,25,82,92
50,42,100,43
98,5,38,64
54,76,91
27,96,28
19,74,81,100,44
58,32,57,81,75
7,69
7,82,67,22
32,83,79,82
99,4
77,4,6
52,35,49,32,0
97,65
83,30,42,20,29
14,43,55,41
77,84
79,15,37
80,83,92,17
30,13,88,79,78
17,82,85
78,55,82,55,33
19,91,80
27,51
5,14,36
40,71,100,28
41,62,62
68,56
78,11,37,19
66,16,40,56
54,7,92
20,28,60,84,61
29,65,18
34,91,100,36
39,63,71,37,15
67,15,40
55,64
72,97
52,97
59,47,50,43,98
34,45,60,39
84,36
46,77,35,31
1,20,99
18,85,77,99,10
45,98
42,83
71,76,97,100
89,94,54,9
93,55,34,96,2
53,70,18,76
60,49,44,91
20,0,82,0,79
4,64,49,88
55,26,59,41
85,47,30,17
7,56,16,41
27,66,6,17
7,47,94,42,36
39,43,21,15
59,10,6,54
47,30,63,5
13,14,10,27,48
24,34
35,100
27,45,23,63
99,42,22,82,8
11,62,40,43
39,60
91,30,64,3,27
58,80,94,30
33,75,1
78,20,67
84,0,62,90,80
14,94,8,99,93
83,22
74,26,69,25
23,4,27,30,24
41,16
29,56,42
35,94,97
27,11,66
16,59,77
70,44,24,15,83
88,9,94,28
35,10,78
99,36,14
31,36,47,29,79
32,46,25
30,51,10,30,13
67,70,7,62,34
26,69
25,16,72,14
79,85,6
38,65
94,81,10
6,99,60,3,55
12,64,47,17
6,44,9,44
36,53
73,73,55
41,10,1
66,69,43,56,56
0,30,13
11,99,41
0,32,51
64,31,42,74,64
65,78,43,92,67
88,21
20,84,63,39,6
13,0
36,1,56
37,48,76,12,62
18,8,39
2,18,44,14,33
88,39
69,74
50,51,92,67,42
54,19,52
81,65,58,76
75,27,54,81
20,10,63,10
51,38,11,75,57
31,81,78,8,43
56,58,71
26,64,44
2,56,29,29
82,38,26
98,15,84,44
74,27,73,29,23
16,95
82,52,4,39
30,22,61,89
28,45,5
30,98
15,79,21
11,96,79,4
33,31
80,67,73,21,42
46,76,94
48,22,14
90,23
79,24,17
66,97,16
19,60,71,89
77,0,17,63
92,65
24,59,55,11,49
78,72,17,51
87,37,0,17
55,14,14,19,7
55,52,3,16,44
90,75,95
24,5,51,83,7
27,43
12,46
57,7,73,24
36,19,35
29,82,100,0,45
99,86,12,51,90
92,63,52
3,37,66,81
66,48,17,22,97
36,91,95,22,18
31,45,86,76,27
76,51,97
75,56
45,16,19
39,94,57
50,45,79,78
17,74,31,75,64
64,54,39,37,5
33,29,35,69
28,74
4,97,78
35,58
5,38
8,68,14
11,84,76
98,83,38
70,45,62
6,47
33,19,46
48,91
40,75,94,50,60
66,51
68,91,84
57,91
17,37
3,12
7,60,89,36,33
31,85,76,37
78,95,11,41,83
6,65,28
58,88,4
53,50,55,74
95,75,73
15,74,17
98,59
24,77,54,95
50,49,83,85
43,7,99
68,70,82,10
96,16
72,38,97,55
12,58
44,8
3,7,15,35,31
37,95,11
75,54,88
36,79,92,62
21,8,4,42,13
25,98,3,24
64,13,54
84,52
44,96,62,56
60,5
51,49,66
3,8,46,35
52,67,15
79,89,90
81,50
94,11,25
20,19
53,0
52,8
44,77
10,98,15,47,91
56,96
68,71
66,10,45
58,29,22
14,20,97
7,16,94,47,88
84,38,76,8
19,11
73,31
50,25
27,80,90,79,84
82,26
93,21,5
51,1,47,10
7,47,78,43,46
0,96
33,12
48,26,80,24,16
92,31,62,74
64,91
87,79,90
21,39,10,96,42
58,29,98,74,74
28,75,92,22
95,69,100,81,32
17,67,91
8,51,76,48,74
56,72,1,14
37,44,43
34,100,68,41,37
11,97,86,5,40
4,13,55,7,6
96,79
75,24,20,75
6,90,58
31,68
66,30,59,53
29,44,72
16,60,81
37,84,97,0
39,39,13,48,48
96,55,14,87,97
5,59,89
70,52,92
36,9,13
85,44,36
61,33,1,30,3
43,87
58,76,92,2,13
50,19,24
35,81,97
63,52
99,77
2,1,1,53
8,34,13,37
77,11
96,95,75
89,61,42
15,32,0,29
43,78,18,22,10
64,33,50,77,21
50,31
61,75
90,67,98
36,8,100
92,80,41
95,19,28
29,17,26,91
23,13,95
71,47
90,92,54
84,66,41,15,23
61,70,7,14,17
78,63,2,37
20,93,91,13
13,23,75,6,19
8,89,84,82
9,67
62,18
57,10,7,73
99,94,65,59,31
93,79,8,11,55
51,13,91,61,11
58,28,13,35
97,95,10
12,44,66,87,40
61,65,50,62,64
99,9,15,72,44
27,85,61,20,49
47,37
20,37,76,38
85,31,53,62
38,30,84
0,63,55,31
90,89,97,43,11
67,41,53,25
45,54,45,62,81
31,89
50,52,81,43
82,76,60,53
45,29,55,53
72,22
6,45,32,67
29,25,73,99,48
70,37,90,79
34,60,20
76,11,46,14,19
11,66,6,46
38,49,96,92
49,50,21,23
76,47
38,91
85,23,30,62,96
89,84,6,1,3
91,20,27
27,3,64,86,11
68,29,0,10,22
72,39,56,16
35,7,15,39
47,77,86
62,63
69,82,95
88,60,30
74,44,21,35,89
82,51,47,23,7
83,3,82,75
54,78,32,23
88,77
20,37
7,16
87,61,14,93
63,75,46
17,11,17
95,70
1,19,10,36
28,5,48,67
98,5,12,98,57
35,82
28,36,17
75,59,70,34
37,12
33,59,34,0
59,50
51,10,45,51,3
70,7,97
93,6,19,49
15,86,21,5
52,31,2,87
35,12,86,73,19
99,78
79,84,57
40,87,65,8,67
72,68,73,0,31
5,98,44,8
97,59
71,20
100,16,56,58
42,4,92
19,59,66,29
75,22,77,73,24
72,9,95,24
75,95,39,52
4,67,91,85
59,81,50,14,91
83,50,6
55,32,93,80,57
46,1,6,25,85
16,75,27,41,50
46,53,72,5
23,88,14,82
11,5,19
62,45,41,5
20,33,29
31,50,23,6,46
65,62,53,58
7,39,31
19,95,0,53
91,47,67,81,22
99,23,75
61,63
86,16,82
14,21,80,86
21,47
33,91
53,33
25,14,43,4
18,44,3,12
31,85,50
87,16
1,75,68,3,74
20,75
93,98,50,80,3
78,18,81,87
13,58
43,19,13,85,39
58,69,64
100,5
84,31,83,67,90
72,24,4
28,29,88
66,83,42,71
82,47
10,10,32
20,44,61,3,48
1,5
64,83,59,73
89,76,92,98,51
99,24,26
31,65
74,86,17,30
82,57,12,2
34,30,66
4,54,97,86,62
38,47,97,84
60,94
8,59,71,79
80,21,86
92,6
59,99
52,50
70,3,17
79,86,36,27
41,80,66,47,48
75,1,90,12,43
54,39
91,73,41,62,17
3,78,28,25,60
7,34,0
2,93
68,6,80,25,55
44,53
84,53,39,97,60
58,78,36,98
18,46,77,92,25
79,12
12,32,87
21,98,4
16,69,7,40,23
50,61,41
7,63
50,100,84
88,79,60,23,79
70,40,31,34
9,30
17,5,29,52,35
90,55,64
70,64
38,55,28,66
26,42,89
77,0
70,57,63,23,64
17,40,77,3,89
56,33,42,64,98
78,18,18
93,99,94
13,56
60,11,34,82,41
38,70,72,19,32
53,49,74,67,33
55,5,4,57,66
30,13,42,68,83
9,58
89,37,4,41
59,57,31,21
23,30,51,12
48,41,5,5
19,31,18,70
73,23,97,72
19,38,55,42,36
84,82,69
40,75,54,3
55,82,14
39,50,76
40,47,81
67,75,56,69,38
71,57,75
27,15,69,99
55,69,92,88
73,30,74,9
10,98
69,92,83,20
80,28
96,14,78,41,80
100,37
53,46
82,22,70
15,21
45,33,75
38,98,80,84,78
75,79
2,54,93,37
56,59,24,55
83,90
56,69,2,18
39,58,98,65,34
4,65
30,89,99,88
45,8
47,6,29,90,5
97,44,59,76,40
22,49,37,52
84,41,23,61
0,83,52
82,99,86
39,37,95
20,5
34,35,53,89,1
78,37,74,74,57
53,65
35,75
28,88,74,86
67,80,51,77
48,49,14,12
26,0,34,91,26
54,94
75,46,42
22,14,72,38,99
66,93
52,61,17
15,6,78
35,82,30,78
76,34,23,51,84
67,71,33
72,57
21,90,49,71,3
63,8,26,33,82
32,39,90,12
99,52
1,27
97,53,44,59
36,76,27,7
1,73,17,28,42
99,48,30
23,62,62,67,95
24,75,5,96,21
73,49,6,43
74,70,99,48
62,8,33
3,66
38,95,82,61,38
18,69,76,36
7,26,89
47,100,83,77,36
25,83,77
51,48,52
76,67,56
30,7,62
4,69,45
51,17,76
29,19,49
7,15,9,26,6
100,85,39
84,28
11,99,31,75,49
45,20,18,38,74
79,52,24,67,82
61,44,55
38,88
27,29
1,71,12,54
91,0,89,74,11
46,21,82
64,4,9,5,38
10,46,74,13
20,21
28,28
76,14
82,43,25,57,63
76,12,29,32
51,42,40
18,29,47,52,37
44,43
89,54,90,88,68
50,95,4,80
8,81,89
15,86,68,95
81,80,7
15,26,1,52
44,36
54,84,2
14,90,10,47
78,93,2,60
7,77,16,72,74
67,56
14,29
74,43
11,94,9,37,6
54,92
42,17,56
15,56,32
15,99
1,84,35,94
49,19,42,16,5
84,56,2
45,31,99,74
89,66,17
21,21,78,23,57
5,28,85
94,54
30,75,86
26,10,43,42
41,35,15
69,2,83
63,22
64,5,41,50,38
58,96
14,93,85
81,58,53,34,17
45,64,63,17,47
70,90,38,9,39
22,0
29,51,76
72,92
24,10,92,70
68,51,77
57,35
6,7,88,79,4
15,70,67,0
71,25,51
80,54,77,4
41,36
54,5
47,98,1,68
14,18,10,81,3
9,26
30,53,11,75
1,84,21,57
26,3
17,52,35
65,62,25
76,42,39,64,52
36,68
90,37,62
67,28
14,98
68,32,18,12,5
74,33
50,50,19,67
69,30,30
100,87,91,6,46
45,74,51,98
52,72
5,69,58
22,11,12,89,58
96,84
32,6
79,72,96,1,36
75,39,67
72,42,54
54,32,85,72
95,47
58,27,49,99
64,83,7,70,36
38,4
68,46,32,81,95
98,48
52,33,52,89,63
73,14,35
28,54,4,98,16
76,63,73
71,46,10,57
67,88,97
81,66,88,10,70
92,61,68
90,12,41,89,92
82,82,37,11
29,60
97,40
20,3,48
11,78,63,27,40
67,78,6
16,44,32,96
47,36
51,81,4,6
20,58,99,71
100,9
63,7
31,48,82,43,82
67,9,92,54,12
13,4,82
44,6,70
61,48
51,40,29,91,48
73,49,26,73
92,99,29,55,71
58,63
81,75,28,4,93
81,10,88,44
64,5
40,33,12
15,94,8
90,72
36,75
89,28,18
72,22,89
13,18,25,40,30
16,29,67,76,24
64,26,7,31
13,22,100,15,63
12,84,33
43,67
25,77
5,29,57,14
23,2
61,87,84,37
75,64,63,14,91
42,36
23,14,19
97,31,13,95,11
92,4,18,53
50,10,19,78,42
6,53,96
42,18,38
95,68,85,72,50
50,27
71,26,47,67
29,92,22,56
11,77
67,89,45
80,46
85,11,95,46,4
31,45,20
41,86
86,74,77
59,45,0,30
28,83,28,30,75
44,66
23,38,98,63,68
40,32,8
12,2,52,1
34,51,86,49
20,48,81
90,12,40,21
20,54,27
63,50,59,16,47
52,64,24,30,59
18,65
18,82,45
16,85,94,69,72
26,80,50,18
68,1,89,60
15,62,91,30
62,87
63,0,56
70,67
7,64,9,39,66
33,85,25
87,68
100,72
44,98,71,5,50
86,99
19,55,6
23,31,66
29,57,88
29,70,23
44,40,72
2,41,55,16
67,47,51,63,64
14,49,12,38,16
52,11,34,41
92,92
22,99
66,62,17,80
23,68,93
47,13,95,79,53
50,71,96
26,77,19,43,69
95,63,99
20,56,92,78
85,68,21,41,81
65,24,87,74,71
21,53,56,19,72
66,19,57
40,38,34,30
28,71,79,42,92
5,84,71,7
91,31,6,62
55,85
16,81,65
92,33,87,95,2
15,4,39
75,90
76,13,76,30
23,11
98,41,52
91,27,90,29,99
99,68
43,19,81,52,43
49,74,57,5
52,23,78
83,61,82
87,73
47,83,58,15,47
28,41,57
58,95
36,77
92,92,1,69,78
5,36
17,9
41,39,94
11,43,30,94,66
5,18,87,52,72
71,69,97,15
91,3
44,0,65
78,30
3,62,46,51,71
55,28,18,26
31,38,37
56,4,16
34,5,95,4
70,79,85,8
58,20,63,17
41,52,14,46,1
51,4,38,17
55,89,98
62,11,96
84,12,91,17
96,10,59
78,87
10,98,1,12,83
81,64,56,11,54
68,94
78,83,62
16,72
20,13
79,49,36,74,63
73,35,54,68
64,69,38,8
47,2,58,98,22
84,88,61,43
31,59
56,92
56,97
37,41,80
55,36,34
26,33
61,78,85,46,43
26,90,18,23
76,100,98,2,30
70,27
70,64,29
52,100,74,12
29,82,53,76,76
39,77,25
13,77,77,100,15
14,45,21,5
8,99,38,25,96
34,74,82
76,8,85,68,56
60,39,27,3,6
9,79
81,72,100
26,63,86,92,99
73,82,98
47,69
73,74,88,11
7,38,6,70,29
70,98,39,45,78
27,76
56,34,57
51,31,36
36,24,95
46,60,81,5
94,22,25,74,99
23,63
49,21,70,30,26
41,80,94,79,40
45,46,15,74
84,19
90,28,73,100
11,18,51,64
50,20,15
25,9,54,35,12
31,96
98,74
73,64,4
25,7,36,98
24,47,6,32,98
14,62,21,46,19
0,74,27,30,87
13,62,69,8
0,94
67,66,81,67
92,4,60,48,43
10,51,15
1,28,86,32
68,34
28,94
10,71
74,83
40,53,68
84,15,9
85,57,68
80,65,43,72
25,77,47
3,19,37,81
36,17,87,81,68
61,82
63,52,12
45,82,36
26,73,21
72,57,90,17
50,81,93
6,25,97,86,47
44,84,27
13,60,18,17,30
100,41,92,25,61
8,81,16
95,10,83,79,56
86,45,10,23,83
88,91
70,18,32
50,74,60,25
44,70,6,86,60
33,6,67,99
19,62
84,40
61,98,97,89
74,82,48,0
3,72
59,97,44,15,55
9,53,51,82,19
58,1
16,64,64,62,59
23,96,94,89
33,61,14
75,64,71
13,30
71,31,89,67,78
23,3,78,41
68,8
87,48,79,71,64
71,52,93,72,76
38,1
11,28,30
13,30,44,7
60,41,66,44,98
29,19,37,94,81
63,73
98,60,67,54
88,36,31,13,40
59,16,78
88,6,8
72,64,16,64,95
52,49
32,86
54,84,16,56,45
63,5,25
99,77,5,7
80,80
9,19
0,42,34,69
11,96
87,81
17,67,59,57
79,36,48
40,81,60
19,31,10,41,37
49,86,59,45
2,29,19,83,4
39,51,73,10,67
72,61,47,19
41,55,95,54,35
82,84,14,28
44,95,21,90,63
87,38,21,71,73
10,86,97
6,35,46,17
83,58,51,49,44
86,7,86,65
10,22
44,90,87,62,26
21,40,48,61
92,12,3,57,91
60,41,26
13,90
34,95,100,95,62
91,56,75,39,39
17,36,90,0
58,2,0,12
8,10,56,95,24
33,10,68
29,56,24,50
87,82,59,86
93,38,4,34
46,58,0,98
27,55,60
25,51,4,16
91,38,75
83,14,64
64,48,74,19,14
0,3,60,66,55
3,77,28,76
64,90,40
16,3
34,15
2,83,5
63,41,37,4,93
55,60,29,50
33,84
52,78
66,82,81,88,50
68,35,10,63
64,17,55,26,85
84,98,70,56
22,98,85
67,92
33,61,69,16
77,4,77,99,76
2,89,71,25,12
81,49,11,27,56
26,64
38,37
31,83
99,25,38,20
67,81,89,66,17
36,4,17,20
90,78,21,35
17,75,10
77,56,85,60
53,25,64,42,77
71,85,87
48,51
1,65
44,26
93,99,0
11,41,38,89
84,47
69,53,87
49,4,63,56,20
44,44,40,78,49
36,95
89,87,23,81
9,40
16,7,3
37,50
27,56
4,38,3
41,97,79,43
16,63,71
97,13,74,18
12,20,58,98,64
4,97
74,83,40,74,37
99,100,3,29
63,86,75,94,74
71,7
52,95,6,48,24
1,53
32,51,52,75,53
50,45,44,0
51,63,27
57,65,81,60,29
94,27
87,49,96,3
10,64
84,97,81
75,88,22,100
77,95,3
96,44,46
76,87,95,86
43,4,5
72,72
72,28,78
18,80
24,75
64,98,37
71,97
94,24
14,12,73,59
86,72,19,6
87,68,30,59,24
26,45,13,7,74
43,4,80,16
42,66,24,39
58,85,76,3
25,36
77,14
9,58,98
61,49
16,86,78
55,16,50,70,80
70,64,72
89,59,66,32,65
10,4
14,91
34,47,62,95
92,64,15
84,75
18,42
91,50,9,56
1,36,55
89,18,50
46,93
97,11,2
54,85,95
83,13,25,1,88
41,19,34,98,27
80,49,62,16
12,23,45
0,16
22,72,27,100
70,52,4
3,43,70,77
65,50
87,75,66,36,14
86,53,5,49,1
18,63,69
10,2,48,13,30
26,45,11,80,99
27,20,2,23
29,1,80,39,7
78,79,89,60
61,14,51,25
39,33
7,10,73,80
3,75,8,92
15,94,23,53
24,27,29
63,92,75,45
14,99,85,70,92
76,81
76,91
17,10,89,32,96
26,12
82,45,50,69,85
24,20
50,90,39,61,48
81,60,34,71
17,84,55,1,44
32,90,16,5
38,14
93,39,76
96,47,0
89,96
6,4,54
23,88,92,69,54
67,55,41
1,8
28,13,25,14
94,29,98
51,12,91
96,38,47
64,69
4,72
46,69,25,42,48
5,96,87
55,13,43,37,87
70,97,5,82
31,37,29,1
43,77,91,47
91,39,81,8,97
70,96,59,72
96,19,48,10
38,15,84,83
85,99,29
91,64,10
7,28,23
33,42,55
54,60,90,59,87
6,94
95,30,65
74,89,99,46,58
92,10,54
55,11,10,91
28,10,12,11,7
74,84,61,45,94
26,85,48,54,21
83,20,80,99
71,99,93,87,95
85,7,81,3,11
98,60
0,46,93
2,89,80,81,25
20,89,83,91
29,88,82
84,59
31,58
79,79,61,43
21,22
100,97,91,52
53,50,98,43
6,87
48,35,13,23
10,18,79
89,31,94,19,42
3,18,98,40
41,79,45,68,79
69,9,0,84
99,79,37
86,1
61,18
40,64
66,51,22,37,12
53,89
86,1,63,78,30
52,1,4,9,56
90,10,66,61
75,28,50,36
84,56,84,11
93,18,87,41,39
6,86
78,54,27,12,65
56,99
24,29,38,34
26,77
66,69
36,25,75,90
25,71,29
42,7,20,38
12,70,100,46,36
23,92,53,80,79
86,41,74,95,16
2,42,21
94,40,26,59,81
30,85,64
57,78,62,66,51
77,34,93,46
14,12,94
93,42,38,8
83,29
94,0,8
61,92,5,90
90,88
99,29,22
23,92,21
27,83,38,10,92
76,87
93,100,7,17
48,69
6,3,50
83,67,2,46
85,69,53,97
9,74,50,31
14,61,96,6,45
63,43,7
15,3,88,19
50,41,29
89,56
80,42,55,17
73,22,5
10,100
34,0,10,66,55
9,82,28,35
88,15
23,43,37
50,15,7
85,96,58,93,77
55,99,9
38,0,71
5,14,57,94
29,2,29,76
4,49,70,24
29,73,37
84,86,78
7,87,52
27,81,6,77
44,64,73
3,39
73,36,87
37,32,58
11,89
9,48,5,34
31,14,10
85,0,76,57,86
72,5,21,100,89
13,24,65
34,17,58,89
0,25,48,49
71,17,29
31,14,73,23,47
29,12
53,44,91,90
85,9
20,29
15,74,84
60,48,33,46
85,69,44
35,26,46,50,94
86,63,76
44,59,52,60
23,87,30,96,24
66,33,0,23,65
18,7
50,95,45
48,99,26,52,38
83,54
66,35,92,42,11
68,43,67
73,43,13,0
93,50,8,87,21
39,1
28,51,24
97,11,97,24
97,32
29,10,84
38,34,21
31,73,59,37
79,97,10,25,19
44,93,51,85
10,84,87,15,8
94,62,5
88,87
17,85,100,13,89
33,12,55
82,44
54,14,59,48,66
32,36,35,53,50
47,18,78
43,55,30
96,56,89,73,45
53,87,19,27,0
5,29,6
59,75,45
56,9,94
13,81
48,64,94,39,70
28,72
18,64
70,57,72,87
30,61,27
2,59,96,20,58
46,79
100,25,19,5
28,99,19
18,65,55
98,27,68,40,50
72,33,24,34
59,0,85,29
23,0,4,46,42
59,46,40,4,60
42,10,54,9
32,93,26,66,4
72,80,11,89
40,5
15,24,71
79,67,50,16,95
86,17,83,98,28
91,6,66
8,95,5,33,64
95,44,42,1,33
29,56,48
96,0
26,26,36
3,12,68
77,72
49,41,14
29,88,44
83,38,43
33,99
54,43,30,69,24
18,31
92,68,12,100,23
19,43,73,51,12
17,91,0
69,93
42,51,61
95,32,53,26,43
33,84,43
38,50,4,21,91
38,66,49,95
84,89
28,63,94,38,83
70,53,42
5,48,81
5,61,94,58
25,79,51,66,16
84,68,5,7
72,37,19,45
81,55,42,36,44
53,75,70
52,22,48,73
95,34
69,11,62
24,49,31,39
32,84,34,15,68
63,25
11,22,51,62
32,90,71
94,10,33
54,91
100,76,42
93,1,38,19,18
57,72,25,72,22
94,92,7,74,0
30,59,54,35,48
8,83
52,35
22,26
50,94,55
32,32,87
71,33,46
96,99
21,84
30,45,23,60
97,77,33
78,50,30,68,37
100,20,85
2,100
96,18,89,53,60
4,43,21,69
95,64,87
97,76
36,8,34
81,69,78,31,60
47,30
7,3,91,38,96
60,35
67,19,8
80,97
77,84,92
24,69,11
33,49,71,86
64,86,73,46,72
43,89,80
78,78,20,95,66
54,2,81
92,7,81,72,75
68,13,42
13,100,4,11
87,12
79,65,28,73
7,61,8,55
29,4,49
94,50,65,37
63,14
67,9,17,89
94,61
19,80,71,31
60,71
97,37
79,64,97,56,62
76,80,22,87
8,34,63,53,62
33,1,10
42,61
76,72,34
71,88,45,17
5,94,85,49,49
42,54,63,36,82
94,5,11,21,61
27,91,24,75
57,10,79
81,37
62,65,3
65,94,55,27
54,41,31,39
83,23,3,70,81
27,78
15,59,53,68,79
85,42,26,77
36,9,100
3,70
82,53,52
77,60,31,88,53
64,38,38
10,58,95,77
85,79,93,18
48,68,100,39,8
37,35,41,64,36
26,51,71,76
8,66,24,93
43,19,56
33,43
88,82,58,10
7,66,83
40,12,60,78
29,6
77,67,71,93
38,8,43
13,18,77
21,5,25,63,22
44,37
54,9,50,24,70
89,14,80
88,77,85,16,48
14,68,86
34,87,25,8,82
75,4,89,2,90
84,9,8,95
14,66,52,0,33
8,42,79
20,89,55
66,46,52,27,54
78,97,95
4,6,13,73,64
44,48,23
76,18,16,38,31
93,8,17
84,7
62,39,5,61,96
88,0,53
72,56,14
87,13,10
82,56,93,36
37,21,72
65,24,32,73,8
67,33,54,50
71,32,98,48
53,40
57,52,66,19
49,35,98
62,16,57,84,32
73,38,34,72
28,58,92,97,7
77,37,98
74,75
60,56,69,74
31,67,64,48
8,21,16
54,1,63
96,78
69,67,46,52,75
1,28,30,61
23,21,91,8,65
94,82,0,88
24,29,85,12
60,77,31,78,97
85,20,65,16
33,77,34,70,100
3,99,18
88,59,30
90,3,85,26
11,34,51,56,13
21,34,14,9
5,33,73
40,19,20
85,4,87,26,100
81,86,79,14
9,87,34,82
90,96,82,44
84,55
85,14,25,52
66,71,58
78,75,78,62
41,36,75
58,35,40
76,1,39
79,35,86,10
54,17,68,65
57,2
7,21,34
20,41,47
0,64,19,72
81,60
53,30,50
90,72,91
83,1,65,70
26,11
76,60,35
28,52,26,90,44
32,76,44,79
38,95,30,96
7,37,2,6
18,93,18
84,98,76,88
6,28
0,77,25
5,23,15
44,91,13
23,17
27,17
51,12,19,52,16
17,46
82,55,20,58
69,42
0,31,89
75,85,66,28,6
86,45,29,78
41,62,5
92,10,78,91
39,96,53,89,64
11,50,89,98
60,19,64,70,33
19,26,96,31,67
67,29,73,95,13
42,0
47,51
42,43,61
61,77
26,70,34
27,7
88,34,49,68,48
16,48,12,38
60,24,47,28
10,64,47
39,60,58,3
7,90,21,61
35,1,5,54
67,34,94,82,52
70,97,9,94,12
21,54,98,19
81,88,89
34,65,69
30,0,67
53,60,0,6
56,98,98
12,83,70
12,54
65,27,85,94
82,68,78,47,81
22,94,40,73
56,19,4,69
36,59,8
25,61,35,85
73,8,95,39,47
31,92,55,88,98
54,76,75,97
62,1
46,60
79,29,23,69
30,23,45,70,20
79,20
87,7,31,2,70
53,28,13,16
71,13
58,64,87
0,75,9
75,94,9,68,84
17,89,2,1,7
80,84,31,3
38,78,63,85
34,31,57,55
18,83,39
50,81
93,90,86,46
73,32
14,14,45,85
46,69,5,4,16
98,82,46,42
49,40
60,24,3,76,24
17,11,21,88
50,54,58,67
35,81
25,73,45
98,58
39,14,16,58,68
93,85,12,89
88,11,65,20
37,51,34
3,55,49
77,57,97,5,78
60,99,47,23
38,53,68,100,71
21,23
27,31
82,61,79,69
92,70,71,36,23
72,83,32,61
99,48,53,63,51
16,19,38
26,81,62
46,60,9
48,65,17,66,75
66,19,54
22,1,46,6,0
96,38
71,27,31,54,42
51,41,19,69
18,42,79,50,11
5,90,19,14
91,94,90
15,7,30,41
58,88
34,0,98,67
100,84
3,55
46,35,48
94,22,15
0,79,27,67
99,90,16,2,25
44,74,44,99
17,50,41,56,68
80,1,28
53,60,15
75,20,57
53,88
69,62,43,87
0,10
19,0,61
78,93
22,15,20
97,6,99,85,73
12,80
52,47,45,87
59,68,5
99,84,17,94
60,32,25
88,4
33,97,40,21
96,13,49
4,17,37
1,35
12,29,83
44,70
26,40,36,34,17
51,47,73,89,53
22,71,45,91,88
77,38,55,68,53
55,54,42,6,87
73,8,53,54,19
77,34,40,69
40,66,98,49,84
1,37,59,30,66
73,47
87,16,82,45
69,72,1,95,72
37,8,71
2,82,1,1,20
88,55,94
67,78
92,81
62,20,98,57
73,14,14,77
20,90,22,27
0,19,81,94
9,100,64,50
73,29,87
74,86
8,52,85
55,48,6
14,48,51,69,97
13,99,92,34,39
37,40,29,54,52
7,20,68
59,85
54,1
56,48
43,17,14,6
83,14,27
55,22,5
65,13
16,91,61,15,70
60,20,93
23,62,2
93,0
50,63,67,3,87
9,84,1,87,63
36,64,67
15,12,42,29,89
60,48,100,27
98,75,15
69,9
60,87,47
87,10
50,77,29
60,13,63,69
51,31,2,53,30
69,57
55,99,52
77,19,18,70,92
53,58,79,23,84
95,57,19
69,19,4
11,77,89
35,31
14,23,70
0,48
60,57,85,55
54,81,82,10
83,58,95,57
63,47,54
59,53,22,99,47
80,28,100,50
73,38,15,1,54
86,67,58,87,8
34,18
71,36,52,34,17
16,47
15,90
49,91
29,75,9,92
59,40,96,27
66,78
41,67,19,76
65,44,63,32,75
87,42,93,55
60,19,97,6
67,89
100,13,60,58,98
88,31,69
86,92,68,52,78
0,11,54,31
12,43,40
61,60,9,52,22
15,67
69,18,35
26,53,32,71,76
29,76
16,90,56,17,19
72,83,10,86
15,50,52
12,100
48,11,48,55
37,0
94,73
44,98
62,70,98
43,20,90
36,55,64
66,76
13,63,49,58,32
51,37,99,65
98,9,73,40
37,49,87,34
42,87,64,12,72
6,99,86,74
24,61,63,7,8
79,92,73
22,56,42,1
1,23,32,75
56,96,74,0
47,34,23,72,20
55,8,90
44,17
79,29,82,39
83,78,92,92,28
67,12,40
2,31,6,14
13,9,38,1,70
83,98,17
21,36,100,28
96,92,74,76,66
4,59,94,67
26,66,86,10
3,26,49,42
23,28,15,16
62,94,28,77,11
92,91,76,29
44,42,42,61,14
1,48,48,19,22
7,21,91
9,42
11,99,97,81,83
37,11,58
59,91,7
94,24,64,76,86
15,77
47,1,52,45
29,44,24,0,66
48,20,22
28,97
50,57
73,18,15,79
7,8,9,45
23,51,63,13
64,1
13,68,5
80,3,11,15
58,94,47,95,75
65,86,74,93,17
87,30
41,76,58,13,68
49,6,49,1
47,4,91
0,7,5,40
43,9,93,97,65
80,25,90
62,55,20
69,53,95,9
20,87,56,1,95
61,55,97
66,72,80,14,45
14,70,14,29,88
39,28,10
89,81,97,43
7,42,24,47
95,87,83
88,32,22,9
86,86,52,72
86,75,4,63
94,86
14,4
45,54,21,80,96
84,89,94
92,18,87,77,85
36,10,60,71,61
9,39,80,50
38,54,63,99
70,15,92,60
70,34,51,19,61
51,52
64,88
49,52
72,32,22
27,74,11
95,3,33,83
46,54,76,10
96,9
91,95
8,67,73,96
24,56
70,87
78,13,91
19,21,23
60,22
74,75,4,39
64,90
37,25,16,31
51,19,15,69,63
9,90,58,15
6,82,55,44
58,38,67,25
81,58,5,41,36
45,28,67,27
90,77,69
31,82,66
55,99,69,72,99
38,14,38,85,32
13,76,39
75,22,84,44
35,72,80,7
15,16
100,27,29
96,23
34,31,10
65,48,74
90,63,53,41
21,82,27
29,13,20,86
57,13,12
88,48
21,26,30
65,59,80,16,84
22,58,70,51,1
56,15,1,56
51,28
75,24,7,92,65
46,42,32,63,94
59,23,60
75,32
26,55
6,92
17,11,67
38,76,46,36,44
64,23,19,65,37
4,36
9,79,92
74,10,24,38
80,2,74,52,56
68,30,86,53,64
77,54,98,68,77
92,77,92,15,80
8,23,37
63,42
72,84,21,54,30
10,8
68,63,35,80
56,64
87,16,18,51
72,54
57,98
4,44,6,19,33
42,36,31,20
99,57,43,13,20
89,16,32,70,89
23,54,54,67
81,31
31,56,100
65,81,27
44,66,99,50
2,40,95
23,66,93,70,29
80,39
70,18
50,28
53,97,41,90,9
11,78,72,33,69
44,90,51
24,33,55,10
44,86,1,22
92,22,50,88,75
76,96
4,33,5
10,16,16,51,100
25,37,1
42,95
48,28,62,71,99
86,46,54
40,70,4,25,55
34,17
38,76,99,71,18
62,9,31,2,75
23,42
27,3,74
10,41,15,36,88
75,95
11,12
51,24,26
51,62,97
33,22,30,71,21
58,80
90,2,27,12
3,87
9,78,66,18,10
42,96,94,9,72
62,36,86
92,12,38,55,24
28,87,94,51
15,25,25
7,74,71
96,68,24
66,20
46,94,27,86,15
39,57,41
41,44,24
19,61,19
54,31
92,100
48,45,35,73
64,13
71,46,37,59,85
16,90,80
63,60,48,95
37,41
60,40
47,55,99
79,45,41
13,55
8,21,32,44,9
49,86,80,19
30,45,73,56
59,78,7,37
13,29,67,36
49,76,7
98,35,12,20,77
97,76,96,30,53
9,0,85,64
1,51
26,40,8
88,40,24
24,92,97,39,27
64,43
48,63,41,49
44,40,8,97,13
84,24,69,52
82,72,28,65,42
24,78,97,28
66,87
87,53,8
43,65,39
89,89,94,68,97
1,9,22,100
87,62
40,27,1,44,70
2,5,39,30
60,3,43
85,29,96,56
89,41,38,85,1
77,58,24,15
38,46
61,19,43
83,51,91,46,17
77,15
74,64,22
61,67,62,9,16
60,30
22,54,60,35,53
34,49
26,61,87,28,38
27,98,85
3,94,85
75,17,90,33
99,56
65,94,34
49,24,1
4,42,48,2
100,78,17
49,8,89,66,3
74,29,76
1,14
70,52,12,95
78,63,87,91
36,29,95
39,89,4,9
35,96,27,92,62
48,70,52,39,68
66,15
70,63,59,63
100,16,61
88,39,82
48,75,20,9
51,50,61
83,4,2
8,27
54,81,64,91
38,38,14
92,0,66,24,48
68,23,15,35
74,90
95,52,38,75
65,53,20
86,96,84,6
69,10,54
84,83
19,0,52
72,95,19,23,78
39,3,8
28,82,6,72
36,39,75,61
25,56,45,77
42,31
58,49,65
36,9,29,68,74
86,7,74,1
11,13,60,40
67,100,23,6,79
19,84,68,58,35
12,88,1,36
41,49,51
98,27,8
30,32,12,11,15
26,33,88,14
39,66,85,56,82
9,13
30,17,38
80,50,56
69,83,37,77
93,60,95,83
76,58,68,77
41,4
90,75,82,89
43,49,80
43,17,56,55,40
48,7,63,47,47
23,94,86,51,91
29,88,82,56
75,74,36,40
33,7
14,2
72,15,13,6,76
71,1,49,97,37
76,28
38,89,67,40
53,59,28,14
72,39,66,9,56
92,40
34,33,51,2
94,27,25
97,11,51,69
55,53,91
93,33,55,68
15,72,99
60,49
54,28
1,98,33,96
76,56,89,47
73,98
60,72,21,59,38
50,68
53,48,63,100,9
27,64
75,40,50,11,75
17,58,7
22,48,38,16
5,26,26,53
36,21
14,99
100,97,5
4,11,86,22
90,63
24,73,59,71,96
93,1
27,83,62,2
67,71,85
7,86
15,28
9,77
97,16,62
70,83,98,88
27,16,87
62,25,19,76,62
8,7,81,81
77,45,47,83,75
29,78,24,90
59,55,86,82
40,47,39
8,94,18,84
15,80
42,49,90
37,36,58,63,81
60,14,10,61,60
43,76,27
94,31,57,45
65,27,12,70,59
66,12,28,25,12
66,49
93,52,47
89,54,25,55
7,17
43,68,14,5,5
64,87
12,23,99,51,62
45,58,10,41,76
20,28
26,80,69,16
40,14,3,31
84,54
89,95,47
67,58
14,75,40,65
53,24,62,65,1
38,24,6,70,51
17,89
37,100,39
44,54,50,89
22,28,96,59
5,90,23,22,40
15,52,41,54
25,85,14,78,34
99,68,29,33,10
74,60
27,96,82,46
21,85,20,97,51
91,67
94,15,57
43,4,46,34
81,33,99,77
11,2
80,55
69,82,75,20
4,91
3,75,61
75,36,100,9
89,9,39,32
26,51,39,41
69,92,69,75,81
78,5,20,13,40
28,18,84,49,20
95,62,2
50,81,73
2,77,80,93,20
96,28
30,63,85,28
0,27,73,84
42,67
29,47,32
71,44
88,73,81,89,85
21,53,78
63,23,33,2
14,23,18,38
4,77,97
70,80
65,20,86,18
68,58
38,69,41,41,31
3,82,74,64
73,80,51,99,76
45,84
82,93,45
91,73,59,19,22
40,1,76
47,60,67,58,7
30,26,27,10,4
26,52,78
89,39,44,87,89
52,86,99
85,45,79,99,41
76,3,3,59,22
64,79,100
63,17
9,49,36
87,81,25,65
26,70,80
81,1,81
1,49,51,6,68
0,94,4,62,82
86,29,79,48,12
68,22,36,68,9
74,60,56
55,85,5
5,74
2,47,86
20,49,42,60,7
36,82
48,99,20
24,48,39,55,38
9,94,2,100
2,29,24,68
63,97,39,12
62,11,8,71,59
75,76,0,41,8
91,63
99,43,27,17,67
97,76,35,24,45
2,54,52,36,24
49,43,5,85
71,67,91
85,1,34
99,2,97
61,28
55,5,28,57
6,15,57,1
48,78,53,20,62
37,31,39,90
28,14,14
89,17
33,55,83
1,53,79,69,78
65,77,47
31,17,59,37,64
21,5,64,60,40
13,28,44
90,68,59,24,43
95,5,11,48,49
93,11,9,63
50,70,27,18,29
5,22,18
99,28,66,36
41,56,45,35,52
91,27,62
15,53,68,57
29,79,44,94,56
45,71,28,32,45
1,90,8,10,18
61,11,89,29,13
20,17,23
73,30,38,83
72,34,2,11,96
92,26
65,69,28,89,20
6,51
43,79,38
62,87,14,4,76
82,58
22,59,55,49,21
18,49,8
55,92,97
43,56,67,91,26
40,73,5
58,31,86,7,66
40,11,78
91,88,29
73,66,31,33
8,3,64,14
32,28,52,3
22,90,17,1
95,89,39
23,95,15,91,94
80,4
100,29,47
89,41,33
70,38
93,10,34,19,24
38,12
19,23,93,75
68,32,8,75,54
85,80,21,13,97
72,6,77
46,20,48,75,82
60,39,0,86
27,24
100,90,28,52
72,25
99,9,53,76,14
94,35,5,20
59,97,24,57,88
56,18,74
100,25
67,95
35,69,74
5,82,59
21,7,82,31,9
87,96,95,22,1
33,13,25,20,55
89,38,0,91,11
38,70,76,77,63
100,1
37,15
77,77,10
59,76
61,36
96,50,44
9,44,62,85
13,13,82,92
64,52,36,45
80,1,79
79,93,32,98,85
5,15,81
67,77,80,6,91
47,31,56,58,29
18,9,69
69,49,65,4
70,79
6,74
11,22
82,89,81,3,25
12,48,59,19
75,83,91
53,6,9,75,62
43,78,58,8,60
50,56
97,59,74
42,77,81,11
1,21,72,2
15,3,21,91
73,55
87,66
19,74
27,42,97,65
46,65,18
27,34
44,25,11,54
1,98,78
38,21,76
57,63
14,32,32
64,48,69,50
78,90,67,65
3,53,84,2,39
22,90,79,13
30,75
36,82,19,46,72
90,32
93,85
94,85
75,42
49,8,29,37
64,18,31,24
7,30
28,74,30,58,61
9,67,61
23,97,99
28,99,11
38,59,87,14,27
53,7,8,63,84
63,49,76
63,20,87,4,99
47,5,59,98
58,18,85
92,72,35,47
38,24,79
40,14,24,85
81,84
31,88,31,19,90
43,74,77
69,84
83,100,64
46,3,47
96,19,77
5,85,77,92
62,82,2
48,39,18,85
53,28,29
33,59,53,67,81
61,39,66
100,44,74
86,14,50,4
59,61
26,30
96,81
34,66,83
86,26,41
35,96,79,37,80
7,91
37,10,16,31,35
50,52,36,74,19
80,34,15,2,64
58,67,13
49,63
23,87
16,56,45,30
96,6,4,96,55
7,12,88,89,29
61,83,42,70,58
83,21,65
73,81,42
59,42
32,3,88,4
92,33,58,18
11,36,38,33,24
21,98
55,79
80,90,53
31,69,66
29,45,49,80,85
14,99,26,52,66
21,63
58,56,2,86,45
43,41,46,48,35
98,30,70,57
15,60,38
14,35,100
4,7,96,93,57
51,42
93,33,65,15,25
7,84,59,33,62
33,79
17,53,33
59,22,75,6
24,9,42
75,12,24
62,64,25,33
71,100,90,88,70
0,61
36,23,15
36,30,86,9,92
63,63,68,47
45,10,78,58,72
16,80,40,65
27,68,0,21
0,61,73,72
92,98,72
10,78,10
57,64,98
31,50,76,87,4
88,64,59,56,19
20,62,16,21,23
46,67,49,82,77
25,47,50
40,77,95,61,82
47,2
76,41,23,29
68,13,21,5
27,89,93,49
55,56,13,56
76,3,2
5,73
89,31,71
9,94,41,78
63,44,77,82
5,59
1,61,57
78,17,89,29,36
100,75,63,42,82
49,84
62,84
77,21,19,51,41
73,74
28,77,94
14,45,22
29,44,34,82
11,89,49,13
59,87
99,8,100,3
17,92
57,79,39,50
43,57,64,91,71
9,48,13,65,43
14,92,47,39
31,34,20,83
21,74,46,54,22
34,75,1,66,33
17,61
34,9,29,67,24
38,22,66
9,43,9,82
22,47
86,48
100,18,28
84,73,0,56,38
72,41,51
77,76,23,90
56,19,91,51,5
69,20,2,64,80
44,87,94,80
94,12,49
43,55,36,53,88
44,11
86,49,94,5
89,48,42,68
60,56
65,26,30
63,100,92,71
74,69,42
65,82
56,65
42,73,1,87,82
27,40,20
94,10,71,82,65
61,32,16,44
32,66
97,12
38,8,9,61,7
2,4,23
26,59
60,7,17,28
95,58,15,32,22
72,31,70,69,83
41,54,7,53
32,53,58,46
99,44,35,18,97
82,18
50,52,22,84
37,86,98,94,87
39,76,71
93,3,96
84,35,3
20,36,7
77,9
91,62,67,8
91,86,37,10
93,23,31
32,23,30
96,27,67,85,89
90,24,63,13,60
81,2,59
70,61,28,71,61
3,90,62
77,75,9
62,57
63,26
53,42,57,43
32,37,50
65,41,41,70,48
86,2
69,30
64,1,41
51,42,10,22
83,70,28,8,84
85,72,23,66
80,95
51,61
16,85,71
62,51,10,44
66,11,36
27,28,42,61
48,30,100,65
43,36,63
90,66,54,35,85
37,36,34,65
27,32,6,99,21
37,71,69,98,22
15,19
46,85,23,70
48,0,1
74,87,43,23,32
31,40
74,87,44
29,59,42,33,25
91,68,96,53,30
31,45,51,89
98,43,48,68,42
30,44,73
19,35,18
12,83,42,64,39
87,95,82,15,83
33,57
39,42,2,15
89,1,24
43,32,74,79
39,9,54,9
88,54,59
73,52,92,72
18,48,1
65,92,3
48,15,95,5,91
27,96,49
57,95,54,4
25,61,13
76,36,26,42
35,55,60
53,63,26,29
59,48
22,28,2,78
76,59,25,37
6,98,9,64
64,89,70,63
90,63,43,76
50,96
38,36,17,36,96
0,60
7,38
32,67,82,80
55,58,88
36,3,28,68,57
39,1,32
58,60,70
10,23,78,14
12,37
38,59,25
7,8,37,30
78,65,48,63,84
50,9,43,94
57,88
62,5,76,3,57
79,36,89,13
42,32,51,42
11,92,18,88,38
41,36,16,40
10,72,75,65,95
41,48,49
86,45,47
96,97,18,11,22
50,25,15,2
50,30
23,83,19
32,54
36,86
34,63,62,62
26,99
39,11,9,91
67,24,14,22,67
65,95,7
59,96
6,92,74
65,1
75,83,32,3
60,36
50,29
9,42,66
56,96,26
28,60,77,51,93
4,58
53,13,0,5,34
28,2,58,91,4
84,46,94,21
60,35,17
43,54,91,90
64,94
96,19,73
20,74,29,93,9
45,69,5
1,28,86,13
72,73,92,16
20,23,36,28
45,2,7,95,86
3,16
71,1,30,46,77
1,65,71
33,6,60
35,78,39,19
36,17,58,78
90,6,62,13,84
66,95
47,9
23,10
62,100,33,29
0,90
95,93,88,3,17
30,24,36
99,58,23
65,75,57,90
30,82,54
30,44,99,58
1,97,54,7
10,52,5
70,42
49,27,10
78,17,41,20,100
74,78
97,2,64,63,28
87,71,41,19
100,15
51,87,28,48,4
76,58
81,70,35,76,37
26,59,94
12,0,99,53,46
21,45
79,69,22,9
2,37
31,8,41,67,88
36,61,99,63
51,95,0,27,5
17,83,75,39
46,85,16
45,7,5
45,94,17,59
49,5,10,26
93,95
98,26
39,17,19,33,96
88,60
69,99
85,86
21,25,9
30,50,98,1
94,2,67,9
26,88
39,26,68
66,36,35,49
71,8,6,28,97
62,87,14,58,55
59,76,19,71
3,6,96
79,79,2,63
90,50,38,93,16
81,96
77,65,10
7,73
5,62,19
78,58,4
83,27,56
95,61,56,98,61
35,72
67,87,47,73
98,24,71
31,20,19
34,45,23,51,25
12,59,77,67
55,86,57
91,31
29,86,25
72,99
62,36,25,81
96,57,89
31,92,55,64,27
30,63
10,73,52,3,5
24,30
90,74,72,58
6,66
31,67,44,63,85
88,78,41,26
93,91,51,50
98,46,61,84,32
39,47,77,53
88,43,4,87,65
28,71
32,20,61,3,31
48,0,74
24,45,36
21,75
54,98,9
14,42,65,85,29
67,77,30,56
13,20,63
6,64,8,65
5,95
84,96
98,100,62,3
54,59,75,18,88
14,0,17,36
20,71
85,76,47,75
12,80,88
68,48
58,19,40,82,55
0,52,84,16
62,1,87,84,13
84,39
96,90,32
29,24
42,57,8
46,50,57,88
53,92
11,31,96,36,12
27,81,23,85,10
71,81,50
19,39,29
23,34,2,67
59,72
11,100,46
76,8,17
64,11,27,62,70
62,54
31,76,28,79,93
17,22
18,62,25,21
7,59,45,73
1,10,22
38,50,64
90,15,47
28,41
4,22,26
67,70,83,99,15
27,43,17
52,52,85,51,53
29,24,79,90,63
70,29,31
70,72,23,75
62,2,67,6,4
89,25,9,92,3
27,30,23,73,59
82,14
7,29,77,9,73
14,0,25,61,57
27,30,59,93,13
97,72
82,76,39,48,21
44,89,30
95,53
67,20,52,57
80,3,75,81
27,92,48,35
33,63,93,35
87,45,74
5,59,51,58,21
19,38,28,66,12
38,3,3,68
33,88
75,51,78
24,49
14,59
82,62,95,16
90,19,21,63,85
76,94,67,29
42,87,0
14,73,3
7,74,13
70,58
73,33
40,13,65,78
36,43,39
39,37
61,14
76,97
78,94,12,18,96
21,6,60,20
49,47
31,56,38,60,67
67,36
99,88,56,15,33
23,7,98
74,31,58,27
50,0,7
32,2,90,20
61,12,27,53
41,30
100,4,39
88,43
82,60,86
74,3,41
59,38,50,44,45
74,50
4,98,9
83,80
54,69,56,99
20,78
17,30,57
42,34,51
9,23
64,38,98
17,81,99
49,67
55,13,20,19,92
9,62
95,89,9,91,75
0,0,14,26,53
32,67,31,76
64,59,23,24,27
14,10
51,13
92,13,21,14
4,58,31
87,27
6,31,51,8
4,11,76
25,44,14,55,56
57,92
9,69
100,70
44,63,6
15,67,38
31,30,94,83
5,89,51,55
78,66
89,34,92,70
85,34,49
24,10
100,3
10,11,54,73,80
18,15,29
10,16,4,8
70,37
49,16,86,56
8,83,88,65
11,58
34,17,42,34
91,71,31,50,77
74,32,85,14
58,55
77,91,61
39,17,34
56,80,29,84
43,57
51,5
29,66,95
62,73
0,92
65,69,79
67,15
84,92,21,13,36
62,82
60,63,35,86
17,95
25,14
34,98,52
60,97
91,62,64
12,3,56,99
87,86
30,100
51,68,18
22,88,1,42
34,57,92,43
88,86,14
15,14
96,11,50,78
43,47,54,79,37
91,45,42
53,62,77,17
18,18,47,57,30
79,24,43,34
60,60,93
82,57
24,91,95,37
40,41,91,12,81
18,39,69
2,80
23,7
22,13
34,38
76,26
27,38
57,72,44
85,62
38,56,94
24,85,78
31,99,86
2,29
41,15,84,96,5
84,25,82,5,29
22,33
5,72,84,21
54,44,24,47
80,42,16
93,91,18,84,21
57,97
82,34,28,42
75,5,64,70,47
78,91,49,21,50
41,32
11,0
55,99,32,84
33,26,50,4,65
32,89
17,94
29,27,71,28,4
78,10,30,21
28,8,60
41,53
31,52,87,47,5
29,3,5
86,100,2
24,6,60
91,0,76
88,19
64,7,34,79
24,38,45
35,47,56
67,94,67,73,39
18,19,6,70
75,53,13,30,19
9,31,77,73
49,41,40,53,75
61,20,47
61,79,33,31,75
29,54,14
25,51,82,86,33
29,82
38,36,90
100,79
71,12,50,61
23,99,38,74,76
81,69,1,100
48,32
81,28,85,42,56
30,99,17,95
43,3,68
19,67,87,10
82,51,67,83,23
55,14,88,45
83,52,41,77,82
69,10,81
49,29,87,45
41,73,47
64,29
65,77
26,62,8,7,80
37,91,1,6,43
69,14,41,29,63
58,18,18,13,15
35,81,23,57
35,8,43,30
52,45,19,23
19,57,10
29,6,45,45,38
93,38,49,52
93,15,78,57
54,86
40,35,50,82,11
57,74,78,39,75
26,91,94
52,98,97,12,45
59,1,9,76,72
100,9,91,3
63,22,58,56
32,97,21,75
54,87
21,53,81,17
50,75,62
79,21,40,73
58,41,77,61
72,53,77,42,1
55,80,20,24
8,31
1,91,57
3,61
49,19,45,38
69,16,61,7
72,45,83,23
10,26,30
21,8
54,49,47,97,81
34,55,49,69,61
97,50,61,50,78
47,14,82,97
96,49,96,7
77,2,52,52
88,49,41,13
54,70,58,41,0
3,58,64,23,6
32,18
98,93,87,86,58
40,31,98,42,30
32,85
20,3
44,29,37,51
29,37
50,99,33,13
93,60
62,98,13,7,89
20,2,40
27,99,84,84
99,21,13,95,59
57,19,27
62,46,55
40,18,76
89,93,31,95
33,87,49,77,100
97,15
56,15,34,29
38,13,54
6,62
20,15,97,43,45
69,69,90,40,74
60,32,13
36,62,51
19,51
27,80,23,19,23
35,49,4
27,41
100,35,52,35,51
98,14
4,59,58
68,99,86
65,98,83,76
6,39,49
6,86,46,0,27
3,39,98,96
1,9,38,0,28
15,85,42,36
2,47
80,75
33,2,79
93,50,36
17,0,17,84
52,58,74,63,20
83,21
6,53,90,20,93
49,29,90
31,12,25,47,59
34,40,76
38,33,85,91,87
10,44
27,21,39,77,65
25,91,91,92,41
32,36,37,68
47,98,0
6,38,91
99,89
15,89,81,28,18
45,92,70,42,28
92,56,67,64
28,93
14,75
13,85,6
13,76,32
30,41,80,78
5,19,23
88,18
23,65,69,1,38
43,31,41
34,86,95,53
62,72
37,28,54,21,53
86,99,74,78,47
84,43,92,3,24
45,58,52,91,77
92,12,51,72
11,1,62
49,37,57,35,21
43,5
75,71,11,81
64,33,82,5
86,6,41
15,88
2,11,12
21,74,26
30,8,23,90,11
13,64,20,37,39
68,43,79,33
4,19,87,87
6,73,43,94,9
23,55,70,97
83,20,40,90
81,13,26,3,81
59,8,13,24,33
56,57,15,44,49
45,100
67,77
72,40,28,95
24,75,49
3,6,96,40
44,19,1,76,6
5,54,42
16,92,8
45,25,35,74
95,7,4
18,78,71,100,99
67,51,25,100
56,94,26
44,44
53,79,48,11,49
2,50,39
52,17,82,85
74,100,18
88,71,16,31,4
46,55
8,10,85
94,41,86
19,19,0,3,17
28,13
65,65,20,50
84,48,45,70
31,92,59
92,67,69
80,67,88,80,32
20,31,93,99
62,27
53,99,97,47
92,69,52,46
35,58,84,96
39,72,38
40,30,63
73,66
74,0,79
12,70,47,61
27,61,40,11,1
84,52,15,77
46,43,41,14,60
28,95,88
100,57
72,14,18
63,23,50,65
60,3,16,27
52,2,90,22
59,4
39,23,26,27,18
10,1,35,53,79
22,98
33,28
70,9,48,87
53,34
73,80,36,61
92,95,88,41
61,96,23,79
20,72
91,30,61
42,93
95,32,60,17
29,28,10,99,77
7,41
14,24
16,61,69,89
59,73,64,57
74,35,77,21
10,28,21,39,90
46,92,47,48,35
70,29
1,62
91,33,60,38
32,86,15
26,100
24,65,12,28
41,83,92,96,61
91,81
33,89,52,86
71,32
10,59,63
90,22,71
39,59,7,5,90
32,66,5
12,48,11,87
55,11,30
24,79,76,56
82,56,76,77
0,29,21,75,7
95,46
71,40,45,77
31,12,17,64,78
59,63
62,5,74,0
46,97,2,84,1
60,5,65
25,59
72,22,73,20,70
45,47,97
79,28,22,38,65
93,46,84
55,90,7,69,51
74,89
97,49,14,35,32
16,16,85,28,29
44,91,66,58,10
51,50,63,46
43,6
32,76,90,3
64,59,30,69
15,53,98,42,92
57,32,31,30,70
84,11,25,50
19,79,19
18,58
53,62,66
59,41
17,81,20,7,9
75,10,20
33,62,15,73
36,65,81
42,10,43
85,29,92,32
86,13
69,49
21,24,86,31
32,46,82,12
63,93
12,68
98,28,31,43
67,11,81,1
96,74
32,47,83,14
8,63
96,55,27
91,90,32,22,0
81,53
5,36,85,7,71
73,18,98
88,38
68,21,20,93
5,61,69,83
69,70,41,9
49,35,36,98,18
60,15,90
31,84
22,72,94,67
67,13,6,31,16
44,74
68,84,57
64,47,14
5,72,10
41,46
36,40,81
85,19,56
6,69,76,48,47
83,40
79,84
67,12,62,55,30
61,70,62
35,57,14,94
4,22,83,57,69
13,29,3,53,99
90,49,0,9,57
74,9,96,38,65
50,78,83,32
58,42,0
86,63,22
61,26,0
5,63,57,36
51,5,25,76,70
69,15
12,81,12,29,78
0,61,56
48,70
76,58,18,94
30,35,45
22,29
45,66,99,68,70
12,63
35,38,41,73
37,20,34,37,45
72,14,29
59,82
67,63
75,19
9,50,37,89
52,5,11,35
37,83,2,48
78,79,93
95,63
89,72,59,78
55,20,6,32
37,71
20,3,24,6
51,61,64
94,37,8,13,71
39,66
12,99,19,93,17
60,5,13,63,20
84,80,14,43,6
38,6,58
52,94,98
41,17
68,71,22,31
29,42
3,24,49
19,70
17,95,47,41,23
0,31,93,80
19,48,35,98
47,58,36
99,26,43,17,26
92,90,78
94,45,9,78
22,18,99
38,45,32,89,44
51,78,5,33
69,72
65,44
55,28
57,75,46
33,2,6,21,83
24,45,7,73
35,83,32
61,39,32,56
68,82,32,52,42
80,47,99,26,10
8,71
12,81,88
26,71,17,43,54
36,8,97,30
89,87,2,54
10,24,41,65,68
22,27,36
69,77,21
39,60,44,95,14
9,4,47
38,67,12,7
87,56,65,12,90
43,58,20
22,23
64,30
0,91
10,97,42,83
100,79,86
56,83
32,95,43,68
53,26
36,33,38,33,28
45,19
48,9,0,1,91
12,54,82,84
23,69,5,46
3,51,18,55
94,47,24
53,70
88,8,98,69,53
95,87,18,35
85,56,63
59,16,4,85
67,45,64
39,30,47
45,62,70,2,1
18,42,90,67,80
13,41,0,71
31,12
41,66,57
96,36,46,40
88,25,0
12,31,34,37,77
92,52
65,2,20,91
82,49,84,30,54
46,47,31
66,80,70,45
73,18,68,42,32
63,26,90
39,28
45,61,67,30
3,8,0,7
1,78,80
26,64,51,75,12
91,41,23,18,92
10,61,62,1
24,44,69,75,38
57,37,70,62
84,5,42,60,62
64,90,11,78,51
34,69,85,20,56
95,17,63,13,60
5,13
86,58,35,97,17
13,55,60,9,63
82,66
12,26,47,15
100,71,1,7
32,72
37,42,76,65,50
56,17,15
43,36,79,72
50,73,12
15,3,21,63
78,41,64
15,42,48,18,23
5,5
25,76,83,38,68
4,76,33
40,62,54
15,96,76
38,32,12
11,28,20,75
60,11,7,21,14
21,52,95,39
43,99,23,55,4
52,77
62,49
50,95,5,4
78,9
51,82
13,89,14,61
67,86,49,4
47,68
83,51,78,97
23,86,56
40,72,28
50,50
6,52,87,7
95,80,1
100,81,78,82,28
18,43,47,20
57,32
84,55,50,82,15
94,35,7,85
50,36,10,11
60,96,11
17,72,60,93,56
60,76,86,8
9,0
29,58,15
0,76
63,85,16,70,30
92,54,81
40,46,9,92,0
7,67,48
65,37,67,87
65,90,98,89
38,75,64,85
60,65,84
0,40,68
3,68,86,3,67
18,96
59,55,61
95,60
7,52,98
96,54
47,55,15
12,61,47
70,8,59,33
26,64,36
87,15,51,46,30
36,51,10,51,66
47,24,84
67,25,18
37,91
67,52,17,76,70
57,41,54,32
69,50,45,87
98,20,55,81
84,72,41,46
5,68,40,85,97
64,16,4,49,11
9,97,75,26,3
60,62,62,7
14,65,26,98
86,43,64
84,71,71
36,63,81
5,55
71,17,81,63,14
65,50,50,0,58
71,79,0
69,87,89,62
65,17,63,27,49
84,91
83,44,72
65,54,50,10,54
46,81,56
13,47,23,32,34
78,9,64
23,54,62
66,60,79
29,14,25,37
97,49
16,70,72,23,39
81,70,54,70
86,99,30,71,84
90,93,76,92,67
17,54,65,4,23
82,65,74
83,23,74
70,48,28,44
12,100,84,21
30,57,14
76,27,39,29
49,63,24
77,32,81
45,11,73
65,28,74,9,4
49,2,85,73
76,96,39
8,50,13
66,85,73,23
25,77,2
24,64,40,91,36
62,55,3,63
46,80,2,32
19,67,63
94,84,69,36
6,89,53,74,40
35,43,52,57
85,70,59,32
60,62,39
73,43,3,30
62,60
76,26,51,50
82,67,29,16,97
74,2,5,8
55,8,71,6
66,36,59
47,7,70,57,8
67,30,6,21,30
34,48,23,82
23,63,72
43,65
0,49,45
57,90,86,55
47,57
3,25,1,82,68
17,79,28
52,38,58,23,9
9,39
33,9,38,58
73,25
9,25
94,64,91
21,1,16,90
79,58,86,65,47
29,35,48,27
40,83,12
44,40,55,4,94
76,6,70,71
26,23,49,22,69
60,71,37
47,67,86,71,81
46,83,95
60,27,78,20
37,58,64,57,83
29,96,84,41,82
46,20,93,63,22
74,61
5,15
11,37,61,35,23
73,83,50,56,93
96,43,26,54,30
53,65,14,37,34
43,44,44
56,78,8
0,28,49
29,55
55,98,36,9,44
61,19
100,61
32,36,54
72,24
6,84,61,9,24
64,17
92,90,42,44,72
2,86,79,41
90,84,45
10,68,43,16
53,66
84,37
32,77,76,60
45,83,94
1,2
56,81,29
35,97,99,80
79,60,93,23
95,67,81,4,66
73,47,18,35
58,99,30
40,79,80,13
38,35
94,35,49,92
27,44
78,45,68,90,28
92,18,15
50,80,31
64,93,81
35,85,13
27,66,23
34,33,76,69
6,98,53
94,95,50
64,7,17,32,40
8,54,2
39,52,18,58
40,73
14,96
89,5
34,14,62,23
13,63,58
81,11,20,74,43
72,8
88,24,54
6,54,71,71,51
61,40,13,33
43,7,69
24,2,94
28,15
17,33,94,63,37
94,68,6,70,12
15,24,3
94,20,45
66,100,34
29,81,0,2
89,14
68,32
15,68
5,87,2,49
91,90,70,91
2,35,72,57
40,27,77,12,9
80,35,89,75,28
15,93,42,20
29,19,4
38,54,9,20
43,68,85
58,50,44
66,33,97
34,68,33,41,16
57,34
73,0,60
64,8
47,17,45,75,59
32,5,11,59,57
100,64
68,97
73,79,52,42
3,82,16,5
91,68,35,59,57
65,62,76,53,32
16,31,18,80,58
99,54,78
23,59,33,91,5
24,5,17,29,72
58,63,22,100,5
1,55,47
65,27,33,73,3
85,42,25,2,84
88,97
59,40,45,28,26
6,43
11,48,21
39,39,44,72
63,26,7
88,99,35,99,51
66,49,30,67
65,55
78,48,45,66,82
85,8,68,73,91
67,21,42
98,20,58,14
1,77,73,54
28,51,63,88
33,17,93
73,88,74,25,61
0,86,6,64,89
80,96,24,6
32,2,14
78,73,69
81,95,65
1,57
4,82,10,42,42
99,60,32,77,67
40,30,78
82,84,46
59,9,24,7,3
17,94,79,85,96
50,60,89,78
16,8,46
49,16,41,28
34,70,61,72,17
66,45,29,44
59,63,31,29
78,53,78,69,34
59,2,76,38
92,2
24,43
12,69
68,39
30,70,29
87,57,47,64,69
75,62
14,77
21,70,9,36
12,91
86,97,18,9,20
53,20,36,94,44
67,13,20,45,33
91,72,15,25
93,92,4
45,23,99,62,83
37,60
57,59,79,44,70
39,99,84,85,34
3,78,99
91,91,33,61
20,84
93,69,63,37
20,8,86,5
32,70,54
18,6,37
26,13,79,50
9,70,64,98
3,49,99,88,6
51,35
57,86,78,42,74
32,95,11,52,44
44,95,37
22,36,21,10
28,4
23,79,7,100,68
8,16,30,73,57
60,18,20
76,100,38
57,58
6,57,12,82
87,8,94,6
80,16,88,1
55,54
19,57,70,46
4,66,17,43
100,32,64
1,40,52,1,95
85,98,22,32
35,61,38,94,19
18,46,16
91,69,33,77,90
36,24
29,31,0
98,58,42
68,21
67,64,31,41,67
40,91,81
54,42,89,47,62
45,12,91,80,32
74,51,84,98,68
100,99,52,15
51,68,35,73
65,51,61,3
25,29
95,78,52
74,78,21,35
92,1,60
37,70,59,4
53,84,98
14,53,27,96,38
25,36,28,85,56
6,40,15,17,40
93,51,29,93,96
54,36
35,65,50,91,92
23,81,38,27
28,1,77,56,51
68,46,89,91,35
56,9
29,25
66,13,25,82,83
7,95,45
26,91,71
34,97
40,30,13,19
58,45,87,78
17,76,84,46,67
69,68
41,27,13
5,10
91,9,25,5,38
19,9,17
22,75,33,61,77
46,83,77,32,7
61,92,73
67,66,1,30,85
48,40,76,39
24,51,43,23
50,45,18,74,69
61,73,70
97,62
95,73
39,49,58,58
58,23,10,58
63,80,7,70
20,16,61,84
91,48,60,84
58,26
26,79,25
65,83
51,61,85,14
86,20,92,92,48
99,88
69,16,69,89
91,61,17
52,15,78,70
81,37,61,86
12,87
76,90,45,53
77,85
51,1
27,88,53
71,59
77,56,27,20,89
3,88,88,85
64,37
12,91,45,89,78
67,98,7,56
53,83
47,25,21,2
68,35,67,55
51,54,95
42,15,22
77,45,28,35,68
99,81,5
79,97,30,52
23,73
59,19,9,12
51,56,40
57,65,37
86,73,29,23,98
20,61,36,97,52
89,72,66
71,32,63,88,25
95,22,61
39,1,18
98,90
68,84,0,83
57,41
4,88,28,6
4,32,98
43,18,13,80,35
66,64,64
36,32,47,72,30
21,23,98,31
56,23
68,37,59
86,82,100,9
8,25
87,94,54
11,99,55
8,70,16,84,68
1,27,40,61,48
59,17,49,49,44
21,43,40
18,44,7
24,78,46,81,66
20,70,79
99,18,66,71,9
78,57,35,37,29
76,29
17,96,41
40,26,24
73,44,60,93,54
1,80
92,57
37,37,83
39,94,81,63
59,78,75,99
70,51,36,51,84
67,11
19,67,75,92
25,14,69,27,20
35,92,12,95
19,53
99,32,33,63,94
24,84
31,5,37,28
53,76
39,100,32,54,26
13,97,72,94
51,1,31,52
61,21,32
43,93,56,18
96,50,47,57
3,38,22,12,97
15,33,75,28,95
90,94,65
56,11
97,22,45
8,92
74,93
23,70,6,98
99,89,12,69
36,73,27,3
67,72,54
90,79,50,82
74,81
9,30,55
86,15
21,69,71,99,68
0,43
37,22,24,28
41,10,40,63,27
59,95,58
73,4,46
61,15
45,94
69,21,88,20
43,27,4,19
25,7,23
22,66,51
39,58,70
15,99,77,97
42,38
59,89,54,26,55
16,68,56
0,13,4,35,49
89,37
41,92
35,75,65
80,1,54,34,38
98,34
84,50,34,39
87,79,85,35,66
31,73
46,71
23,14
38,64,77
14,66
46,38,45
82,77
100,60
94,37,91,17
58,69,80
16,90,45,18,30
58,6,2,100
83,71,81,92,58
40,43
24,13,93
41,100,51,98,97
8,5,79,73
98,27,56,0
78,3,15,39
81,14,0,64
43,84
53,36
36,91,19
6,11,16
2,47,9
54,50,72
63,29
96,26
41,97,32
40,11,34,92
80,99,77
76,79,49
96,14,58
21,60,44,93,21
51,80
54,68,49
75,60,6,58
75,47,98
36,15,0,22
31,53,27
14,63,92,74,88
62,3,65,64,18
1,29
84,25,42,54,66
74,97,69,28
74,29,95,90
0,10,46
17,26,2,91
51,36,78,26
85,52,64
75,41
22,46,12,34
100,67
50,96,1,3
17,92,13
12,67,43,39
26,14,18,61,13
41,20,24,48,94
53,21,81,84,87
62,76,33
91,63,11
97,65,13,50,88
44,92
6,20,30
57,89,47,60,86
24,52,14,100
4,58,56,64
22,90,32
77,20,31,11,86
30,39
56,95,41,72
12,93,47
20,78,8,89,77
92,8,78,37
43,94
72,99,28,69,83
94,39,57,15
82,21,26
72,33,63
57,50,60,87,5
99,58
29,90,92,25
82,85,44
89,0
64,9,73
64,85,8,85,47
89,19,66,18,19
48,30,14
1,93
9,58,76
54,94,1,4,24
90,51,9
36,25
89,74
47,20,59
61,35
70,100,57
70,54,67,87,53
46,25,82,61,91
64,29,18
40,62,25
29,62,74,89
41,100,46,100,64
84,46,62
61,93
39,89,66,39
7,61,48
29,21,73
27,72,88
23,26,64,30
11,79,40
11,47
53,39,0,36,19
40,51,85,86,45
80,20
28,16,59,80,33
86,95,10,31,23
17,41,100,21
11,57,98,4,26
60,10,6,80
19,67
82,56,40,78,15
25,35,43
93,86,73,9,29
57,12
87,80,72,42
12,90,81,18
86,72,21,13
28,89,11
61,8,45
79,49,97
3,15,33,97,74
28,42,25,61
89,35,10
57,92,2,94,34
45,29,21,25,85
48,47,22,65
32,49,76,69
79,15,36
91,32,4,58
5,61,8,55
10,67,61
23,43,95,2
99,56,63,65,63
86,7,0
94,15,96,83
19,52,69,71,57
82,44,75,95
81,63,20,13,48
78,99
70,7
78,67,39
39,88,30,37,5
82,78,0,54
95,23,17,9
27,30,37,25,36
11,67,28,48,23
1,79,15,42,61
31,76,97
91,72,98,62
63,77,20,98
30,68,56
90,90,80
61,79,65,95
19,51,75,31,99
19,30,18,89,78
60,50
98,49,74,93,23
78,7,46,6,56
45,16,35,64,10
47,2,59
35,8,36,51
6,77
67,1
59,49,30,14,79
44,9,4
43,75,69,91,39
16,13,57
46,98,62,15
42,78,19,21,72
42,48,22,83
74,74
17,14
58,96,45
13,96,10,97,26
3,10,77
76,87,29
71,83,60
78,90
78,65
21,88,49,2
0,43,74
75,21,54
24,78,32,94,32
83,100
85,67,14
26,31,71
87,61,27,29,82
62,11,41,3
55,27,48,73,69
78,34,74
69,42,79,31,49
7,0,66,70,74
4,32,11,81,28
33,28,97
28,79
20,43
62,88,16,54
17,85,95
36,62
77,99,88,34,21
8,57,87,100,53
0,24
70,6,20
79,25,38
15,24,54
66,12,51,78
41,32,58,57,62
3,11,78,3,36
52,33,25,69
37,11
71,34,60,42
73,60
4,11,16,28,9
81,11,82
91,74,75,33,3
5,72,16,57
18,74,18
84,86,78,45,5
27,95,55,100,98
76,69,18
8,28,33,84
80,69,96,81
86,44,44
26,96,41,49
31,1
31,2,42,85
0,54,13,86
59,6,55
52,84,91
18,5,8
62,68,70,3
7,49,44,69,72
86,86,86,80
98,87,71
56,80,99,67
96,25,77,46
53,37,83
83,40,34,85
51,62
4,84
45,12
99,33,21,23
89,81,20
92,85,92,12
55,3,99,88,65
91,83,7,63,32
10,89,12,91,4
32,11,72,69,7
35,8
95,27,3,44,19
21,19,68,84
15,2,60,68,58
88,81,67,2,16
46,33,46
42,62,94
1,7,32,17
71,76,98,87,78
88,100
69,43,46,80
13,26
3,96
45,33,25,21
69,44
92,77,64,32,2
66,87,60,36,84
21,46,66,49
28,94,77,2
16,76,42,4,98
72,79
45,59
97,26,13,37
71,23
2,56,28
9,30,23,97
77,50,28,37
92,79
32,18,55,33,52
46,76,26,8
64,29,100,58
62,64,68,64,8
15,81,38,92
22,84,4
23,93,61,91,71
50,1,32,77
86,90,69,96
8,6,37,21,15
37,81,9,63,60
51,47,37,79
34,50,66
36,52
18,25,26
52,10,30,18,99
57,10,70,37,31
70,14,72
59,96,78,60
83,62,36,21,24
59,100,86,73,23
55,20,21,17
78,44
54,98,17,25
99,40,10,64
31,18,25
65,56,42,12,3
22,64,76
67,0,27
40,6,48,33
40,92,32,83
3,15,65
92,70,50
31,77,100,38,78
85,77,14,15,18
57,91,5,44,54
2,62,2,17,69
28,97,53,50
19,6
32,75,24,23
44,31,55,82
73,39
66,16,87,18,20
34,71
51,24,10,42,65
89,32,25
18,14,44
41,67,71,14,11
55,39,19,49,32
94,75,50,24,38
36,19,89,20
75,23,2,88
16,56,83,59,46
96,90,63,0
31,22,49,4,38
40,22
51,0
98,61,16
26,35,58,67
48,63,57,13,72
2,48,6
96,93,20,54,61
55,96,46,24,47
28,40,70,28,33
19,8,56,86,35
31,59,12,81
80,99,59,98
55,35,79
76,71,98,57,69
96,84,78
6,13,88,52
90,8
42,36,96,50
91,77,38
80,64,22,9,75
20,98,37
64,98,48
84,68,91
59,90
56,25,95
72,25,35,11,12
55,88,93,15
69,41,42,67,79
0,22,24,54,76
72,27
90,29,100,97
11,65,10,75
29,43,62
5,31,71,74
92,56
87,94,87,0
10,34,13,76
71,79,20,34
29,46,38,97
57,10
10,25,73,16,27
23,98,39
58,3
51,87,3,68,55
8,50
93,30
24,85,15,54,13
41,38
1,29,17,3,85
90,21,68
29,99,38,34
56,56
12,56
74,58
40,7,90,6,85
83,99,68,66
25,56,96
62,59,40,54
38,72,57
41,15,99,45,51
15,4,71,77,16
75,72
8,41,37
90,24
61,50,11,14
19,13,48,69
96,55,31
59,27,14,24,21
51,3
6,41,24,55,87
24,80
21,25,17
40,84,54
2,74
10,89,15
34,20,21,49
7,46
22,94,73
22,28,89,73
32,70
58,93
45,20,100,29,41
47,67,65
22,78,80
80,32,38
11,92,30,83
87,52,67,83
37,23
12,50,70,18
87,82,65,72,64
91,66,1,50,85
38,53
64,79,87,5,56
15,50,96,99,69
69,6,78,19,65
46,26,95,46,22
52,97,18,65
52,21,60,100
92,2,48
25,84,76
44,39,97,85
85,87,49
13,28,49,83,8
64,67
73,81,74
2,30,30,64
46,77,51,47,80
81,75,50,86,71
47,93,29,48,20
86,27,24,4,65
55,8,82,59
88,10,40,22
11,47,63,64,85
29,52,55,68,62
66,58,4,56
55,19,27
33,7,72
3,93,84,89
68,74,94,50,49
45,55,3,28,32
38,96,70,66
4,6,51
18,63,35,94,97
85,55,16,20,74
78,93,13,71
53,31,7,17
72,27,93
79,93
34,80,84
21,42
31,93,21,65
94,95,33
94,78,56,72,45
14,66,40,2
90,12
38,17,29,31,66
38,85,31,41,30
55,76,80
86,69,36,0,44
50,2,59,3
37,78,5
41,95
34,39,63
77,39,78,59
84,34,72,86,60
96,33
1,3,0,19
87,24,12
87,19
6,85,3,71
28,90,90
95,8,41,46,35
29,28,71
91,82
91,97,57,17
20,5,99,91
77,28,42,3
35,72,11
80,98,92
49,62
88,13
95,40,90,83,73
6,98
21,80,10,80
85,16,91
70,37,54
47,56,24,10
72,53,6,44,38
2,84,47
50,81,31,70
25,85,66,27,41
65,89
77,13
4,92,41
59,96,48
71,61
67,74,30,84
87,61,34
14,78,23
35,52
18,38,96,51,9
69,83,89
67,26
11,21,67,65,19
30,41,21,75,58
22,57,86
2,30,78,80,24
55,96,30
90,26
66,63
25,60,17
13,26,66
26,76,95,9
0,29,77,54,45
15,83,62,37,52
89,24,90,21
70,45,19
19,50,37,11
20,51,9
39,92,75
47,90
35,51,7,79,5
43,63,85,79
41,24
35,8,50,17,56
52,22,84,69
29,62,7,21,89
95,93,17,6
70,93,54,14,86
5,6,99,10
63,33
43,51,99
90,32,81
87,33,70,18
98,27
65,15,49,71,47
9,29
29,17,98,44
46,22
12,50
75,11
100,49,63,70
59,2
58,27,17
64,93,25,3,39
30,98,54,43,38
9,98
84,33,64,97,88
63,89,11
36,68,28,27
35,47
24,49,93,44,82
69,32,4,54
59,0,24
24,2,48
65,94,43,52,65
54,99,87,54
44,70,44
24,22,85,80
32,3,38
38,37,68,91,32
41,46,10,63,79
0,58
69,34,91
87,94,5,38,24
28,30
95,16,49,77,41
54,41,92,37
52,34,81,42
41,96,79
75,88
70,58,25,97,43
69,79,94,35
76,9,41
37,76,4,34,38
12,17
92,94,43,21,77
55,5,50,68,87
97,67,54,27,41
27,55,82
85,8,71
69,90,81,52,6
85,50,31,95,46
10,88
69,81,3
91,65,0
2,52,57,41
1,63
15,10,63,67,9
72,41,24,25
81,2,8,33
12,46,57,21
43,39,27,52
74,2,44,16,45
5,94
68,17,45
8,38
62,86
48,63,40
85,37
94,84
37,51,57,81
88,14,57
63,40
82,47,70,47
39,56
47,26,26,37
16,57
48,34,47,22,5
31,91,93
79,92
78,50,3
19,46,38
68,78,97,89
73,28,61
69,76
38,45,19,53,38
60,82
85,82
45,93,69,20,26
52,87,79,13
87,100
60,43
28,19
48,98,80,43,45
28,32,21,3
45,65,27,86,1
59,76,35,35,81
74,4
86,16,6,97
44,43,91,23,60
96,50,62
93,61,98,37
47,99,0
59,70,19,11
28,25
8,56,25,75,59
7,56
99,39
14,16,68
22,15,49,83,85
87,93,72,65
63,19,5,7
95,17,60,6,14
88,47,25,15,33
71,92,87
49,0,61,17,39
38,5,30,15,29
58,22
27,81
63,70
72,42,83
66,38,80
21,79,93,77,82
42,12,33,86,79
37,84,74,26
2,94,68,7,41
24,14,58,85
1,23,79,43,51
54,95,25,21
80,3
76,75,98,27,74
40,87,66
89,84,18,46,88
98,10,27,8,73
19,11,16
45,21,50
34,70,78,69
34,47,8,87,35
51,73,74
99,37,15,73
41,80,17
91,28,13
50,5
15,58,96,10,56
43,36
36,99,56,92
79,59
34,9,35,80,54
77,69
41,45,54,43
2,46,38
92,9,55,38
54,48,85
51,60,19,70,13
96,4,95
73,11
51,32,88,70,87
52,93
17,81,86,91
65,97,69,62
22,99,74
86,93,84,90,78
28,15,79
7,90,96,61,85
53,15
74,68,17
33,88,37
4,73
76,23,34
53,8,60,78,99
42,35,55
67,59,54,67,32
17,39,42,73,66
65,56,91,33,58
11,44,56,56
55,58,93
79,76,43,85
78,25,93
70,98,84
11,47,33,6,0
79,97
78,10,87,14
99,20,1,12,34
17,70
8,42
30,3,88,23,82
62,76
36,59,89,84
65,95,46
39,40,58,96,26
23,72,55
4,8,90,21
67,86,61,27,62
97,79,22
49,90,5,83
62,37,26,65,59
82,91,57
8,96,86
21,3,38
7,33,61,74
71,95,72,47
27,99
92,51,53,47
24,38
50,79
18,19,56,63,17
49,46
0,43,22,76
48,8,48,96
59,45,5,79,43
33,58
24,56,12,53,49
52,1,70
45,60,35,19,64
95,38,90
100,54,94,73,38
12,91,36,57,95
49,46,75,72
81,88,49,71
46,57
86,98
92,84,43,55,55
47,43,19
89,42,7
32,95,89
26,70,55
64,4,95,2
81,61,86,64,36
16,65
33,53,80,31,49
32,23,18,32,84
27,82,78
0,91,14
2,78
26,38,32,78,1
52,19,45,35,6
13,9,62,97
92,84,29,46
47,89,1,96,73
94,57,17
82,48,35
79,35,5
20,75,31,50,21
26,61,9
14,57,61,59,59
14,100,13,6
3,73,57,21,31
64,18,82
1,43,28,60
61,24,93,2
44,54
100,19
39,79,33
81,22,84
11,43,74,66
41,72
31,21,43
41,0
17,95,70,37
8,58
27,34,92,42,35
91,25
50,66
20,39,20,50,11
67,90,89
61,83
20,35,42
50,43
23,9,19,96,51
82,27,80,82,8
35,63,60,4
51,33
83,19
30,16
69,85,80
26,27
98,65,94,45,50
47,19,88,96,11
2,6
82,3,60
69,50
54,7,85
99,76,48,45
80,49,11,34
96,78,8
13,2,19
98,47,97
47,61,68,15
3,50,15,45
71,61,46,39
47,72
98,65
9,9,60,67
36,96,61,49
76,55,36,63,42
51,94
89,89,7,91
40,97
23,59,1
53,51
58,1,81,42,34
93,92,70,98,90
96,37,35,15,62
41,93,60,5
48,60,100,64
30,95
82,2
34,37,70,42,94
89,80,9
97,45,87,79
8,89,97,8,39
39,57,80
93,40,48,4
68,75,1
85,46,13,10
22,75,68,33,75
42,42,79,11,10
24,28,7
24,36,1,80,96
8,100
49,69,15,8
2,78,48,78
22,80,46,62
61,39,12
1,99,23
21,71,65
30,49,32,49,86
52,64,89
3,24,9,69,75
84,57,75,20
29,59,91
17,19
45,76,83,64,30
65,93,34,39
48,78,91,14
46,14,7,35
59,48,23,55
42,54,28
53,94
43,93,82
61,55,100
35,58,70
63,19,21,85,93
73,48,15
72,56,73,59
74,71
53,29,99
35,4,90,77
45,50,4,60
73,25,38,92
87,15
16,0,20
45,0,8,72,8
20,58
7,95,0,86
78,83,72
46,49,42
28,6,44,85
13,78,18
65,98,46,2,28
56,25,74,54
52,11,94,61,100
2,73
57,66,10,35
73,31,100,44
50,49,61,95,24
0,2,18,76,95
99,72,95,11
60,87,36,77,97
83,62
100,48,20
94,36,65,2
99,72
25,96,84
98,14,22
59,1,75,43
21,83,82,84
90,73,8,44,57
41,47,93,71,34
9,60,47,18,92
53,64,89
96,43,8,12,48
78,71,42,59
52,10,62,75,43
63,58,17,90,87
26,74,21,68
17,80,19,31,8
76,22,5,76
88,78,82,78
77,40,33
78,6,10,81
52,48,67
30,65,18
76,97,30
15,8,27,80,12
1,82,24,83,70
55,97,56,52
93,68,84
43,70,63,35,43
19,88
47,90,27,51
84,38,86,11
17,34,47,9,88
64,75
77,81,41,72,24
76,23,78,42,10
17,44,36,47
39,52,97
14,64,1,54,74
96,50,40
51,72
60,6
5,22,99,89
76,100,93,10
64,78
25,92,23,76
17,4,60
30,30,1,61,10
71,74,14,9
14,47,52,4,70
64,92
96,87,10,2
44,53,60,4
0,95,94,20,37
39,58,38,50,24
25,55,8,48,2
78,46,45
50,71,20,88
53,24,55,60,17
10,53,80,65,13
81,30,55,12
4,3,40,3,41
26,88,49
71,5
49,97,54,27
45,3,35,13,10
11,17
16,86,98
31,34
1,77
33,8,8,20,37
100,46,71
9,63,1
5,6,49
48,27,60,83
23,43,55,53
92,92,1,58,77
77,60,54,58,60
38,67
94,17,2,72
94,80,5
42,33
1,31,81
42,77,33,52
28,84
98,73,71,12
58,94,0
68,81
26,55,22,52,63
99,66,92,15,98
67,91,30,33,30
83,49,78,66
55,69,31
52,84,11
22,78,2
76,1
56,45,76
91,16
53,98,65
13,49,36,11
2,44,93
45,9,84
10,5,1,8
17,68,64,0
6,7,86
11,79
48,100
99,70,3
56,7
17,64,84,91,45
3,31,92,0,100
35,87
75,72,7
84,29,12,40
24,82,48
68,5,61,85
21,74
19,69,15,69,63
2,0
37,1,25
19,31,73,86
84,34,90,70
59,89,34,67,41
66,62,17,33,87
23,51,32,39,9
33,52,97
26,82,30,88,73
67,95,81,64,82
26,83,9,29,41
38,74,20
89,3,97
3,51,11,19,63
35,84,92,58
78,34,71,27,24
43,36,34,30
87,25
55,87,14,88,23
30,62,84,7,79
4,95,52
77,62,82,13,95
0,93,96,12,86
92,70,3
58,56
100,86,64
83,18,53
53,52,32,40
73,92
8,37
76,62
54,48,12,96,69
42,24,41
71,24
37,30,71
47,0,40,22,98
47,41,9
44,16
89,43,38,53
94,19,78,7,60
82,93,83,52
63,68,73,74,33
70,25,85
91,40,39,11,29
34,45,24
83,10
85,73,77,9,16
79,96,97,32,87
98,39,65,10,29
1,58,77,90
16,100,64,4,33
88,37,21
36,74,70
38,70,80
69,50,79,80
82,17,100,99
23,36,98,64,64
85,82,38,68
85,75,59
39,86,2
22,50,45,72,45
89,43,57
3,55,72
71,54,2
17,9,29,13
21,94
8,88
21,39,57
46,27,66
93,11
35,38,87
11,15,100,72
71,90,47,91
50,14,36
75,63,18
47,74,75,76,39
74,43,89
91,85,95,75
68,34,100
30,88,78
85,41
11,8,62
51,50,23,78,3
32,2,44,41
80,94,10
25,11
4,67,85,0
41,84,27
83,76,75,21
22,33,92
5,70,47,62
91,24,35,1,61
73,62,6
62,24
62,46,94,62
49,50
65,58,35
67,87
93,6
54,44,48,30
68,47,73,10
97,50
0,53,68,36,62
65,74,24,77
62,85
39,0,66,25
84,20,34
42,59,71,87,0
12,63,11,46,55
74,15,66
64,24
84,73,26,69
53,97,65
9,68,78,48,64
69,1
25,92,76,26
72,18,72,99,18
33,55,49
24,95,31,46,14
18,63,4
95,68,76,14
46,4,71,81,43
47,18,36
2,89
65,59,63
70,71,38,96
54,69,100
52,40,11,18
62,11
89,52,100
83,95,83
38,73,24
8,40,76
81,19,3
67,30,43,29,45
8,90
50,45,94,72,7
32,86,23
54,23,79
20,97,88
57,48,54,70
79,31,97,55
42,84,54,79,16
11,36,2
44,87,9,72,38
84,23,50,8
36,45,55,20
62,26
28,61,64
75,75,77,81,72
98,58,44,38,62
6,16,77,46
28,95,85,62,31
92,84,52,67,83
82,88,15,5
79,41
98,15,40
66,62,81,31,70
90,33,30
59,38,91,58,57
41,0,68,0,77
71,1,18,62
31,96,30,45
56,49,77,16
0,15,78
15,16,21,95,22
11,19,22
28,100,88
85,62,92,46
60,52,70
38,50,57,1
72,90,3,94
43,91,34,30,36
98,90,81
88,48,7
99,87,25,62,26
58,20
3,84
7,7,18,15,68
34,10,32,62,71
57,70
61,27,4
17,65,90,68
18,95,9,76,28
64,89,98
57,94,77
35,46
80,6
1,69,39,29,27
11,2,65,78
26,74,92
82,23,60
87,84,50,26,5
90,51
7,38,23,4
27,72,64,28,83
2,17,67
16,0,57,40
3,92,72,8
92,43
33,4,46,5
37,91,92,24
1,85,32,37,56
28,86,55,3
75,23,89,19
62,29
55,39,32,74,33
76,52
63,0,85,28,35
91,61,4
84,62,5
68,71,35,99
83,59,95,92,87
75,38,76
63,79,51
15,39,44,37,2
68,48,79,43
8,38,12,0,83
54,73,82,26
75,57,18,63
42,83,26,49
3,72,10
61,62
22,36,71,57
87,56,50
48,16,31,98,45
97,19,76,57
12,95,11
70,73,67
69,41,69,39
17,100,15
18,83
67,17,68,61,78
36,27,69
49,6,0
19,20,95
67,18
91,67,23,22
24,68
20,13,44,0
58,74,70,13
27,68,43,4,45
85,16,66,89,90
7,100,100,85
9,91,36
90,15
36,44,56,29
63,18
87,8,83,22
36,21,40,98,58
7,4
25,47,81,74
82,25
11,59,49,67
15,22,84,9
60,61
30,18,22,65,45
60,4,86,2,57
34,12,22,29
4,43,54,9
90,51,42,41
54,9,99,59
85,83,52,88,47
98,14,60
17,1,33,53,69
25,9,3,68
30,20,15,9
13,12,53
2,14,86,61,21
0,30,25,41,13
18,53,54,24
41,73,42,56,49
17,30
29,71,86
63,59,81,67
53,94,61
20,47,60,5
30,17,15,5
94,42
39,55,22
89,25,58
7,57,48
88,1,80
72,65,50
62,51,1,39
79,3,47,75,0
41,8,2
68,29,19,98,54
1,93,26,35
18,35
59,69,6,79,16
79,18,77
46,65,34,38
68,88,40,99
45,75,28,77
99,93,4,94
58,65,32,60
19,94
71,84
91,28,57,62,83
57,59,7,11
80,55,61,81,64
85,91,39,39
79,46,18
21,69
82,46
15,84,94,8
92,82,56,45
72,86
92,73,32,44,76
79,72,64,21,12
90,42,16
58,68,17,3
7,22
36,70
65,8
43,79,29,49,72
38,21
72,34,61
40,85,66,78
57,60,80,98,88
18,9,9,11
73,53
12,11,55,90
59,27
23,47
86,99,59
44,30,36
46,69,95
41,74,83
15,22,69
2,65,59,4,50
78,96,30,95
3,35,91
35,55,99
27,43,88,100
39,73,85,49
9,54,97,87
29,32,99,10
72,20
81,29,38,8,73
67,70,10,31,95
86,22,21,19
63,88,98
77,37,1,100
30,93,4,60
20,87,34,31,87
40,27,45
92,78,86,18
78,96,36,77
32,49,56
91,9
75,33,41
85,12,87
29,31,75,73
34,18,8
57,25,58,69
34,0,2
52,12,52
20,54,19,6
39,65
11,32,92,68,40
55,57,42,5,18
92,59,93,17,36
99,17,83,70
77,66,9,23,35
92,9
37,87,63,82
23,43,10,91,88
46,70,2
19,48
89,0,86,5,4
33,58,86,29,21
97,85,9,84,95
76,13,91,6,57
82,46,98,86,21
79,83,91,87
75,47,45
13,57,90,85,37
19,48,3,31
2,63,15,36
6,4,56
31,82,61,22,74
58,59,75,93
39,100
30,31,48,7
1,76,57,75,43
73,97
35,36,87,93,40
6,3,100,23
32,64,99,3
24,55,75,41,80
95,69
23,46,82,34,11
85,45,6
31,88
52,16,73
73,27,14,41
96,21,17,77,100
97,5,99,45,48
46,50,1,92
10,82,59
59,98,17,77
55,6,2,79
96,44
75,24,38,41,88
39,48,33,93,18
89,84,81,9,13
75,93,50,92
57,80,83
75,18,89,11,67
54,92,54
45,48
33,47,2
60,33
58,10
90,63,22,41,41
22,59,74
34,31,4
51,78,2,9
22,38,27
55,100,66
20,23,10,19
87,8
29,27
46,57,65,99
73,92,50,20
70,61,100,24,33
87,64,62,48,91
48,81
18,53,50
76,55,54
56,51,13,39,27
97,66,33,99,96
65,68
90,9,82
18,80,4
51,29
3,96,75
0,26,77
82,97,96,30
49,71,74,77
67,25
57,66
61,52,24,70,40
62,5,21
16,10
41,89,68,66,60
73,73
20,47,19,40,0
5,54,17
81,63,17,44,11
50,56,70,40,9
34,81,28,0
5,42,62,58,5
69,60,86
98,3,67
62,35,8,49,98
52,5,94,87,71
91,100,46,3,56
17,45
57,4
98,51,16,53
39,86,24,25,54
18,69,8,6,68
5,22,73,42
71,84,17,96
69,86,12,95,75
46,6,14
32,44
71,28,53,15,66
39,50,30,63
100,79,31,59,23
97,34,8
91,78
58,100,8,12
85,80
11,31,74,72,85
62,61,0
40,92,96,86
89,36,7,53
44,63,68
52,84
51,64,14,15,82
60,45,28,1,73
30,89,8,12,100
98,40,54
12,92,16,18,97
62,56,75,5
2,100,40,51
78,68,76,3
17,53,95,74,61
52,53,39
77,81,29,56,52
48,7,82
29,7,93
31,78,84
61,75,5
13,79,89,20,51
99,28,76,81,36
80,49,25,71,71
97,68,63,17,22
37,1,4,0
48,28,31,14,37
56,10,10,57
10,69
40,36,44,92,50
10,46
73,44,29,84
76,41,99,42,74
56,54,65,34
14,42,96
90,21,97,71
44,58,4
79,52
9,18,48,39,95
75,92,48,92
44,40,56
41,57,49,65,81
62,58,72
63,71
53,7,38
53,26,76,17
24,38,26
34,31
30,50,82
59,28,99,85
48,99,63,41
88,48,70,30
20,97,28,96
83,60
8,40,39,69,47
62,76,5,35,86
9,4,35,13
48,16,89,88
87,36
43,55
48,85,43,41
68,78,15,89,83
10,6,2,74,90
41,93
63,15
2,83,57,37,9
75,15,2
13,65,86
74,36,26,80
75,73,57,66
83,14,40,68,24
97,96,93
88,93
94,86,73,61
9,64,55,9,82
20,84,73,18,47
67,23,91,86
29,66,33,24,60
67,12,84,11,37
64,3,69,78
45,100,55,67,73
12,40,27,66
32,38
62,96,33
97,65,93,82
7,66,73,33,28
85,39,95,6,54
2,96,65
87,94
81,81,72
91,23,57,30,71
31,2,17,68
44,86,21,55
11,22,38
11,93,8,15,26
64,78,15,13,23
31,3,61
62,15,97,72
35,94,94,96
81,68,41,75,22
24,23
83,1,5,82
31,41,23,65,48
11,31,95,9
44,68,24,47
17,32
82,42,74
89,31,74
98,7,30,63,88
78,1
97,93,37
93,25,97
53,88,81,84
70,43
42,25
17,83,89,28
82,25,83
22,24
51,30,42,31
51,24,7
6,12,44,39,23
71,26,10,17
2,38,22,14,68
55,72,41,52,32
93,65,59,81,8
73,46,20
74,92
50,46,3,59,86
62,2
87,67,28
93,16,70,6,71
1,82,98,85
62,75,75,26,77
27,91,49,6,74
58,62,39,56,20
42,98,66,54,57
35,35,40
0,74,57,3
42,92,71,5
56,44,84
88,65,93
6,40
99,59,85
5,99
24,55,65
74,82,43,100
87,77,99
56,4,59,100
19,92,73,98
74,30,2
59,44
38,25,85,79,16
51,99,54,68,9
68,9,15,44
24,7
25,57,17,11,67
31,42,21,34
75,36,90,75
42,15,58,41
1,30,27,35
14,87,69
48,38,53
15,64,63,59,28
33,39,89,61,62
51,66,24
33,84,24
54,12,89,85,28
58,16,64,0
40,96,57,51
14,16
14,13
60,31,45,7
90,25
91,31,88,14,98
28,31,52,44
68,24,19,91
20,63,27,92,99
79,100,40,82
55,82,22,72
20,24,38,10
1,91,67,37,63
10,46,17
6,34,76,46,90
91,49
52,65,3,100
48,94,68
57,49,41,7,10
81,89,89,70,65
88,22,63,44,71
59,72,24,5
57,60,86,15
77,98,62,77
18,6,43,5
86,90,27,44
74,81,38,2
7,72,72
67,56,40
99,32,97
95,40,77,89,35
0,64
23,6,79,75
49,6,13
33,86,99
72,98
72,75
32,47,47,34
40,73,43,87,66
33,16,63,13
51,8
85,12,93,39,62
94,17,68
27,65,75,66,57
53,20
67,59
44,25,52
94,93,30,15,31
88,85,31
18,78
78,8,89
76,68,96,80,69
18,80,12
94,56,73
23,51
69,12,2,21
89,30,55,66,66
15,53
84,58,91,7,65
84,37,47,59,89
92,51,77
20,25,11,67,77
80,32
42,12,100,51,10
33,80,40
25,65,54,9,98
87,100,49
8,52
16,47,95
22,59
96,48,79,8,42
81,93,97,60
81,47
93,33,35,16,91
48,71
55,44,88
22,49,21,67
72,35,1,95,65
67,49,87,58,38
46,96,26
74,42
32,1,34
90,75,42
0,59,31,98,53
26,13,62,76,49
11,93,89,78
29,59,48,48,48
84,28,13
81,64,70,90
7,69,48
85,68,72,65
89,1,87,35,68
75,81
55,42,46,54,94
100,48,97
13,4,94,28
69,74,16,12
31,7,69
56,94,17,9,43
97,6,43,77
81,28,58,36
11,18,27
58,70,7,88
27,11
21,86
31,53,41,57,74
38,48,72,41,21
57,53
94,3,1,13,80
3,73
37,63,0
7,8,3
60,93
76,46,10
53,55
84,35,50,49,82
88,92
83,5,85,60
9,45,71,94,12
70,60,51
30,11,76,4
94,1,20,38,41
96,77
52,30
56,18,1
71,0,27,28
78,34,18
68,36
67,17
49,75,21
18,13
99,8,27,46
35,25,31
87,24,69
35,48,0,67,20
44,34,26
88,69
61,60
56,84,73,20
26,76,45,20,97
18,60
25,75
36,2
30,71,68,56
76,11,3,72
19,40,37,29
17,90,24,65,10
66,23
15,0,54
73,4,3
42,75
86,95,22,21
87,88
70,38,23
46,42
32,97,72
17,59
55,75,49,51
36,58,74,27,5
53,65,82,67,12
12,8
39,26,23
96,97,30,60,62
68,77
61,82,34,89,76
71,2,84,100
54,11,96,14,12
19,73,66,8
70,53,25
2,39,60
9,16,70,36,100
85,20,97,41,25
62,95,0,33,52
11,63,7
40,24,81
77,0,65,70,5
13,85
85,93,98,26,96
35,85,47
65,93,41
71,19,97,17
74,59
7,66,0
15,17,51,27,95
48,95
59,44,93,60
71,96,4,69,71
83,73
84,38,83,21
30,35,83
58,97,83,7
3,15,73,88
79,64,6,33
96,27,61
96,73
7,82,13
53,27,80,63
33,41,13,96
60,54,27,85
98,72,10
95,84,35,13
60,41,57,25
11,52
51,57
56,90
42,38,22
6,8
23,39,97,86
71,20,44,32
73,20,2
88,24,25,68,81
73,69,54,73
71,61,57,70
59,40,89,66
95,29,70,5,59
43,46,87,98,53
33,98
25,69
66,93,84
75,26,43,26,63
41,93,7,26,97
52,32,62,72
29,5,45,45,35
27,86,92,86
26,3,50,17
43,75
62,55
75,36
85,93,25,86,31
52,51,69
21,32,94
74,30,44
67,31,29,18,94
46,40,24
14,46,8,95,82
74,98,96,93,33
5,94,65,69
9,40,33,47,87
53,2,84
39,37,84,3
77,1
51,94,9,72,12
29,57,63,18,50
20,44,58
32,59
66,28,16,39
60,84
8,53
72,76,61,73
50,72
15,26,53,42
42,52,36,8
19,23,88,75
3,69,93,68,29
87,23,65,91
18,0,67
50,7,51,24
55,94,60,51,22
27,62,72,25
20,39,69
79,40,96,63
0,80
59,94,80
51,28,60,45,90
58,2,55,39
49,71,19
9,3,74
26,13,58,32,59
24,40,51,51,3
4,82
4,5,22,81,14
97,78,33,86,98
70,14,68,87
60,85,0
33,40,79
84,99,0,22,92
74,92,67
33,42,89,55,0
96,30
28,71,3,12
83,88
64,28,100,6
28,74,81
63,100
84,18,35
29,11
38,93,41
73,74,96,25
10,64,51,93,9
16,99,36,59
24,1,46,18
1,78,35
99,29,87,44,18
77,39
6,7,100,97
41,59,15
10,47,32
3,8,5,94
33,73
46,47,84,90
26,76
55,46,75,67,45
90,86,13,22,83
35,21,91,24
7,43
14,39
51,49,86,33,44
20,1
3,71,40,26,74
95,78,24,83
84,78,71,56
9,43,85,31
27,1,55,83,91
33,9,7
97,18,90,81
33,49,56,92,40
84,68,19,10,42
43,40,4,58
6,3,22
51,88,48,68
19,66,32
19,79,28
79,10
25,54,82,5
10,37,41
10,26,9,31,96
85,31,13
52,34,95
49,4
27,60,33,52
60,60,97,67,50
89,98,70,91,49
34,36,82,51
53,49,31,46
26,42,25,32
54,61,50,90,67
28,49,4,18
30,15
30,7,96
96,7
58,75
11,69,80,0
66,75,71,47
30,8,30
25,19,70,48
30,96,95,43
97,12,99,65
52,70,24,25,11
70,14,51,39,63
43,82,67,31,89
25,76,11
61,97
82,80,23,82,81
27,28,46
41,3,35,22,12
52,20,50
7,45,64,27
54,29
89,28,29,83
6,24,33,95,27
38,33,64,77,73
94,42,12
48,94,71,14,14
1,87,81,1
85,41,87
71,11,18,30,39
29,77,51
4,75
82,41,45
59,29
34,10,12,73,86
62,89
92,89,14
24,38,9
86,49,28
9,53,77,95
25,16,71,49,15
37,62
52,31,75
90,24,41,95
28,37
66,33
9,23,47,46
22,53,23,91
6,84
1,53,74,12,99
1,79
97,31
64,21,51
53,98,10,34
54,20,51,28,76
100,96,67
51,29,19,82,48
30,45,82,58,42
34,62
17,2,96
30,15,35,69
42,98,90
72,26
43,22,26
49,20,18,71
73,72,76
15,86,37
19,66,45,22,99
19,13,15,12
23,8,33,27
98,43,23,36
64,20,47
32,6,1
10,64,1,45
85,52,18,14
53,95,86,47,63
87,96
1,30,68
2,21,20
16,97,96,73,47
61,33,78
91,64,20
74,10,12,28
21,22,58,63
62,28,31
44,94
37,64,36
66,6,51
65,82,59,37,4
50,67
32,47,86,63
2,19
22,21,82,15
16,93
91,98,23,88,75
75,63,50
68,43,98,51
26,68
61,65,86
2,45,43,25
24,55
11,76,1
26,4,88,8,12
69,63,69,65,97
24,61
37,37
59,90,49,30
67,64,82,24
13,79
23,48,89,65,23
14,48,63,89,93
23,83,92,100
85,69
19,8,92
98,10,38,45,61
25,65,17
95,83,48
44,28
32,7,41,85,20
34,22
84,11,44
92,38,85,32,69
59,97,88,51,61
32,93,34,30,19
44,49,62,47
52,67
16,61
10,45,99
8,82,46
98,63,29,40,1
64,48,70,70
11,15,24,77,77
24,48,78,100
85,44,32,36,99
57,28,90
6,33,57
8,34,81,12,17
60,60
37,46,29
67,44,24,77
70,63
60,45,38
24,41
76,39,98
80,42,27
83,83,92
71,72,88,67,26
63,2,76
98,93,88,100,80
3,40,18,39,96
91,3,11,91,31
34,8,37
14,13,10,81,2
85,62,60,73
33,89,62,8,81
48,87
61,55,31,93
76,84
80,49,20
91,98,73
50,52,44,93
98,33
69,66,44
46,79,87,27,56
7,64,33,5
64,28
87,22,95
19,24,26,47
87,5,57,0,32
7,95,90,60,64
75,48,37,43,90
42,4,14,73,63
99,10,86,23
12,31,32,71,36
85,14,76
68,75,76
46,23
53,77
49,78
74,13
37,55,57,66,9
88,76,68
88,84,98
75,64,31,68,71
89,82
84,10,2
100,61,78,16
98,31
37,94
65,87,100,51
82,96,82,31
0,88,41,51,77
100,65,11
21,24
49,16,95
57,95
5,43,42,11
68,76
76,91,20,21,49
85,18,11
85,10,13,36
60,99,67,12
68,65,47,86
35,73,79,39,35
92,94,75
57,26,29,79,61
96,65,80,14
19,71,51
25,5
36,77,48
5,26,87
2,31,41
60,2,39,43,59
1,44,84
47,83
22,17,4,33
66,59,32,3,6
61,46,98,68,35
71,19
44,76,50,33,98
70,40,14
90,0,33
11,57,8,83
87,97
51,77
81,19,43
100,94,50
70,6,49
25,87,46,63,25
34,34,76,58
22,55,62
70,47
32,62
73,83,17
70,7,86
77,80,94
53,55,32
63,97,5,4,33
89,26
100,70,8,71,46
28,62,39
4,10
78,97,15,55
4,54,47,70,8
48,27,25
21,99
87,38,5,69,60
49,94,25
75,93,28,22
36,41,43
83,76,78,52,53
14,87
88,61,13,63
90,20,87
46,66
98,37,24,28,23
69,61,86,47
0,35
51,84,48,49,68
94,10,27,55
0,74
34,20,23,57,91
34,1
61,31,57
62,42,58
9,57,40
90,89,14,96,100
82,15,31,70,52
81,39,64,47,73
51,33,79,77,43
61,73,88
65,31,80,85
31,40,31,68
18,50,23,50,69
93,93,52
92,8
3,64
11,82,35,98
48,82,35
83,84
32,31,1
78,90,18,46,67
27,29,30,74,34
59,79
64,58,74,51,49
38,8
34,53,55
17,88
43,23
58,89,47
46,17,36
80,64
86,37,59,1
53,23,98
51,97,31
71,97,64,75,56
60,6,42
24,56,68,81
86,65,82,13
15,29,22,50
26,71
16,53,83,67
78,5
12,62,78
42,6,73,35
61,24
5,47,78,67,81
98,87,13
85,86,77,43
44,64,67
97,19,22
50,90,66,47,61
74,100,66,84,6
76,17
93,70
25,36,74
77,32
100,69
17,22,5,1,91
61,99,22
76,1,91,40
91,18,4,75
37,19,53,34,73
41,88,79,24,60
73,94,31
9,40,38
45,21
39,35,80,74
62,89,11,44,30
43,72,42
31,55,51,31
18,24,38
18,35,70,62
8,67,20,64,78
80,52,81
96,10,96,37,22
13,54
2,85,100
74,44,5,14
8,25,65
73,93,21,60,23
32,64,50,50,30
40,38,59,16
17,44,31,80
4,12,11,53
71,20,25
62,50,15,12
27,25,24,30
60,98
51,92,47
87,80,17,30,6
56,95,35,99,39
85,46,7,4
69,21,58
78,90,39
53,94,76,10,68
19,45,40,2,88
88,1,51
26,79,94,46
73,29
35,51,81,67,68
61,78,17,64,40
55,87,9,68
94,4
10,79,74,99
92,80,23,23
17,11
75,99
82,88,12
71,52
67,23,65
96,86
27,15,18,21,34
62,50
99,95,37,43
75,26,7,50
99,18,92,43,30
53,19,75,74,51
61,0
10,40
8,36,85
61,63,73,24
99,62
89,33
53,41,9
0,66
20,44,23
44,35,34
76,80
86,54,17,95,38
72,24,88,57
79,96,95,58
98,24,11,2
40,44
94,9,49,61
7,25
72,63,78,38
100,52,10
27,71,53,42,54
78,33
18,20
6,86,13
50,7,37
61,94,99,54,84
6,24,27,72
36,70,23,51,32
14,39,34
94,66
16,43
35,5,9,40
44,59,93,53,88
68,97,8,57,95
69,32,21
77,89,97,3,34
20,26,18,12
39,20,32,0,4
54,62,10
15,19,43,84,14
59,63,23,30,80
98,79
86,11
78,70
25,89,82
3,27,75,16,93
83,47
24,76
4,27,31
23,8,9
52,41,52,18,25
66,0,94,85,21
75,76
0,70,47
35,87,67,1,74
2,36,58,15
79,0
79,46
21,80,59
19,68
8,65,62,92
10,4,26
74,76,64
97,34,19
89,87,75
4,14,36,100,92
18,78,56
30,81
79,29,17,72
37,29,82,6,65
5,3,77,18,7
45,49,71,76
91,72,8
45,31
31,11,46
52,75,60,61,0
58,17,54,91,28
38,30,13,2
25,73,33
40,8,13,8,12
73,97,90,66
65,88,30,91,93
33,8
30,72,61
47,89,64
50,42,38
0,72,17,38
50,55,30,20,83
93,30,23,21
1,4,28
17,45,69,44,47
62,82,20
82,29,7,17
42,14,27,65,82
87,51,62
71,10,60,56
43,80
83,64,6
96,16,86
84,59,94,6,30
28,8
43,73,35,33
7,2,68
38,97
12,80,32
46,54,65,23,96
75,34,5,38,11
63,14,34
73,25,20,74,62
54,72
88,46
33,90
65,35,82
66,68,19
92,72,28,4
35,90
3,4
11,85,93,100
81,72,48
48,34,77,56
43,76,97,95
19,88,98
65,53,82
5,7,66,62,43
42,38,84
78,62
36,96,88,9,73
68,18
11,82,25,71
67,90
69,45,20,30
47,83,82,13,2
99,50,21
80,28,52,15,42
5,80,74
91,23,7,86
45,39,33,26
98,19
56,33
96,37,5,70,23
70,28
46,1
11,94,49
45,46,6
71,73,93,11,75
8,22
71,12
86,40,37,5,21
25,63,83,58
33,80,28,95
24,50,93,14,43
89,61,70,55,36
21,56,25
96,48,40
83,66,73,42,7
19,63,66
38,19,82
90,0
4,20,52
28,21,52,19
99,47
68,23,71
29,61,52,3
36,90
2,22
44,64,69,43,70
68,13,0
80,0
71,59,49
38,0,85
1,64,14,12,52
2,25,90,76,24
10,50
17,83,55
54,36,62,37,64
67,48,2,31,8
24,6,71
60,94,48,1
52,83,12,44
21,50,90
5,31
76,59,79,72,56
71,49
9,52,47
35,0
39,99,16
82,80,71
74,88,26,25
33,1,17,36
48,77,54,51,60
25,49,31
77,45,27
6,73,75,58
64,77,32
93,33,50,77
23,79,54,48
63,10,45,99
17,30,54,11,36
82,72,80,9
4,53,15
56,100,36,54
95,92
45,29
59,31,93
82,27,51,89,39
39,59,7
23,2,16
42,43,0,6,39
47,72,62,58
90,19,16
49,32,45,62,6
95,94,79
5,62,45
54,52,0,24
17,91
91,98,41,20
49,76,59
20,45,63,26,31
61,30,55,96
89,71,68
22,86,49,100,2
72,3,7,9,55
38,46,17,98
33,3,71
27,70,83
4,67,87,21,90
19,8
4,82,27
23,1
39,63,58
61,54,11,52,91
79,21,71,15
40,37,3,78
18,42,98
66,35,86,36
38,97,56,24
94,92,66,71
42,84,85
82,64,99,68
34,82,89
91,20
39,87
16,58,23
67,0,43,20,10
45,71,41
92,29,83
88,98,70
95,84,92,73
20,25,97,6
37,87
41,30,27,68
1,89,15,97,9
80,86,85,30,52
19,0,24
67,26,75,20,62
41,88,82,73
85,76,33
10,2
90,5,68,2,58
94,76
59,40,40
4,74,4,74
62,51
59,76,36
77,65
16,16,63,64,25
19,100,30,96,74
11,86,6
25,60,86,39,89
80,35,100,72,18
13,28,99,0,21
96,57
44,75,36
0,30,50,77,85
84,21,59
53,7,9
22,22,47,75
87,91,16
10,29,77,75,39
25,33
57,5,22
16,50,87,25,11
65,86,73,61
80,56,98
44,26,38
59,98,7,55,16
24,45
18,76,78,7,11
33,81,54
63,78,83,91,11
44,44,84
25,53,51,99,68
87,57
75,46,71,76
50,50,8,96,60
4,22,39
57,76
91,14,26,48
22,68,89
81,87,88
5,37,18,38,74
22,4,7,42,37
58,90,44,57,87
66,87,27
55,56,87,34
0,70,57,46,20
92,11,99,62,30
82,29,2,86,66
97,100
82,93
69,32
62,95,74,55,70
1,37,54,81,48
49,40,10,51,53
33,63,79,81
72,29,67
1,53,10,0,30
67,80,58,64
8,17
48,22,62
85,86,67,56,8
19,83,37,25,40
88,20
91,54,74
61,96,23,65
25,59,60
76,38
34,38,58,48,92
93,34,55
17,15,49,33
3,100,50
44,24,75
92,87,52
66,76,30,27
42,80,34,22
62,87,41,77,98
5,53,59,58,20
59,37
54,100,59,11
16,34
24,76,31
83,93,17
73,24,63
71,46
80,40
85,46,32,69
44,87
44,83,28,87
56,61
1,95,77
31,68,88,81
96,46,90
60,37,58,60
47,58,61,71
84,79,21
80,87,61,7
77,73,54
46,86,73,24,31
41,80
8,14,78
75,98,11,65,90
6,91,14,35,55
23,75,94
77,99
52,49,5,45
19,18,18
65,26,65
30,76,13
37,17,92,70,26
66,89,74,87
43,98,49,41
31,85
68,17
88,97,68
73,40,21,99
37,69,57
6,86,72,100
86,78,88,43,90
42,28,82,4
100,60,73
37,93,2,7
65,68,25
95,86,94,94
89,71,76
37,76,50,13,66
87,67,99
85,81,59,53
17,93,97,35
55,58,65
1,96,22,89,31
89,86,66,59
1,36,48
47,34,37,3
1,5,27,2
2,46,91,15
17,25,12,60,40
25,74,62,77,5
59,91,42,65
9,40,69,2,40
8,52,27,14,91
20,82
75,99,72
6,83,70,21
6,20,20,47
13,22,76
95,35,97,41,34
23,45,71,93
73,76,60,90,86
